1,1,1,220,92,Wed Dec 09 2020 20:08:16 GMT-0800 (Pacific Sta1,1,2,68,81,Fri Dec 04 2020 20:08:16 GMT-0800 (Pacific Standard Time)33,2,1,116,69,Tue Dec 15 2020 20:08:16 GMT-0800 (Pacific Standard Time),Wed Dec 16 2020 20:08:16 GMT-0800 (Pacific Standard Time)
1,1,2,90,65,Thu Dec 17 2020 20:08:16 GMT-0800 (Pacific Standard Time),Thu Dec 17 2020 20:08:16 GMT-0800 (Pacific Standard Time)
1,1,2,168,64,Fri Dec 18 2020 20:08:16 GMT-0800 (Pacific Standard Time),Mon Dec 21 2020 20:08:16 GMT-0800 (Pacific Standard Time)
2,2,1,116,40,Tue Dec 22 2020 20:08:16 GMT-0800 (Pacific Standard Time),Wed Dec 23 2020 20:08:16 GMT-0800 (Pacific Standard Time)
2,2,2,246,75,Thu Dec 24 2020 20:08:16 GMT-0800 (Pacific Standard Time),Wed Dec 30 2020 20:08:16 GMT-0800 (Pacific Standard Time)
3,2,2,443,29,Fri Dec 04 2020 20:08:16 GMT-0800 (Pacific Standard Time),Tue Dec 08 2020 20:08:16 GMT-0800 (Pacific Standard Time)
1,1,2,443,67,Wed Dec 09 2020 20:08:16 GMT-0800 (Pacific Standard Time),Sun Dec 13 2020 20:08:16 GMT-0800 (Pacific Standard Time)
3,1,1,275,81,Mon Dec 14 2020 20:08:16 GMT-0800 (Pacific Standard Time),Wed Dec 16 2020 20:08:16 GMT-0800 (Pacific Standard Time)
2,1,2,191,1,Thu Dec 17 2020 20:08:16 GMT-0800 (Pacific Standard Time),Fri Dec 18 2020 20:08:16 GMT-0800 (Pacific Standard Time)
3,2,1,611,6,Sat Dec 19 2020 20:08:16 GMT-0800 (Pacific Standard Time),Fri Dec 25 2020 20:08:16 GMT-0800 (Pacific Standard Time)
1,1,2,611,69,Sat Dec 26 2020 20:08:16 GMT-0800 (Pacific Standard Time),Fri Jan 01 2021 20:08:16 GMT-0800 (Pacific Standard Time)
2,1,1,527,72,Sat Jan 02 2021 20:08:16 GMT-0800 (Pacific Standard Time),Thu Jan 07 2021 20:08:16 GMT-0800 (Pacific Standard Time)
1,2,1,315,43,Fri Dec 04 2020 20:08:16 GMT-0800 (Pacific Standard Time),Sun Dec 06 2020 20:08:16 GMT-0800 (Pacific Standard Time)
2,2,1,573,15,Mon Dec 07 2020 20:08:16 GMT-0800 (Pacific Standard Time),Fri Dec 11 2020 20:08:16 GMT-0800 (Pacific Standard Time)
1,1,1,186,50,Sat Dec 12 2020 20:08:16 GMT-0800 (Pacific Standard Time),Sun Dec 13 2020 20:08:16 GMT-0800 (Pacific Standard Time)
3,2,2,444,13,Mon Dec 14 2020 20:08:16 GMT-0800 (Pacific Standard Time),Thu Dec 17 2020 20:08:16 GMT-0800 (Pacific Standard Time)
2,2,1,831,52,Fri Dec 18 2020 20:08:16 GMT-0800 (Pacific Standard Time),Thu Dec 24 2020 20:08:16 GMT-0800 (Pacific Standard Time)
3,2,2,831,41,Fri Dec 25 2020 20:08:16 GMT-0800 (Pacific Standard Time),Thu Dec 31 2020 20:08:16 GMT-0800 (Pacific Standard Time)
3,2,2,444,29,Fri Jan 01 2021 20:08:16 GMT-0800 (Pacific Standard Time),Mon Jan 04 2021 20:08:16 GMT-0800 (Pacific Standard Time)
3,2,2,1035,10,Fri Dec 04 2020 20:08:16 GMT-0800 (Pacific Standard Time),Tue Dec 08 2020 20:08:16 GMT-0800 (Pacific Standard Time)
2,1,1,1035,79,Wed Dec 09 2020 20:08:16 GMT-0800 (Pacific Standard Time),Sun Dec 13 2020 20:08:16 GMT-0800 (Pacific Standard Time)
2,1,2,1274,3,Mon Dec 14 2020 20:08:16 GMT-0800 (Pacific Standard Time),Sat Dec 19 2020 20:08:16 GMT-0800 (Pacific Standard Time)
1,1,2,1513,84,Sun Dec 20 2020 20:08:16 GMT-0800 (Pacific Standard Time),Sat Dec 26 2020 20:08:16 GMT-0800 (Pacific Standard Time)
2,1,1,557,11,Sun Dec 27 2020 20:08:16 GMT-0800 (Pacific Standard Time),Tue Dec 29 2020 20:08:16 GMT-0800 (Pacific Standard Time)
3,2,2,79,37,Wed Dec 30 2020 20:08:16 GMT-0800 (Pacific Standard Time),Wed Dec 30 2020 20:08:16 GMT-0800 (Pacific Standard Time)
2,1,1,79,52,Thu Dec 31 2020 20:08:16 GMT-0800 (Pacific Standard Time),Thu Dec 31 2020 20:08:16 GMT-0800 (Pacific Standard Time)
3,1,1,76,43,Fri Dec 04 2020 20:08:16 GMT-0800 (Pacific Standard Time),Wed Dec 09 2020 20:08:16 GMT-0800 (Pacific Standard Time)
3,2,2,83,28,Thu Dec 10 2020 20:08:16 GMT-0800 (Pacific Standard Time),Wed Dec 16 2020 20:08:16 GMT-0800 (Pacific Standard Time)
1,1,1,55,35,Thu Dec 17 2020 20:08:16 GMT-0800 (Pacific Standard Time),Sat Dec 19 2020 20:08:16 GMT-0800 (Pacific Standard Time)
2,2,1,55,94,Sun Dec 20 2020 20:08:16 GMT-0800 (Pacific Standard Time),Tue Dec 22 2020 20:08:16 GMT-0800 (Pacific Standard Time)
1,1,2,55,58,Wed Dec 23 2020 20:08:16 GMT-0800 (Pacific Standard Time),Fri Dec 25 2020 20:08:16 GMT-0800 (Pacific Standard Time)
2,1,1,69,63,Sat Dec 26 2020 20:08:16 GMT-0800 (Pacific Standard Time),Wed Dec 30 2020 20:08:16 GMT-0800 (Pacific Standard Time)
2,1,2,62,33,Thu Dec 31 2020 20:08:16 GMT-0800 (Pacific Standard Time),Sun Jan 03 2021 20:08:16 GMT-0800 (Pacific Standard Time)
3,1,2,530,49,Fri Dec 04 2020 20:08:16 GMT-0800 (Pacific Standard Time),Wed Dec 09 2020 20:08:16 GMT-0800 (Pacific Standard Time)
3,1,1,146,56,Thu Dec 10 2020 20:08:16 GMT-0800 (Pacific Standard Time),Fri Dec 11 2020 20:08:16 GMT-0800 (Pacific Standard Time)
3,2,2,242,59,Sat Dec 12 2020 20:08:16 GMT-0800 (Pacific Standard Time),Mon Dec 14 2020 20:08:16 GMT-0800 (Pacific Standard Time)
1,1,1,530,72,Tue Dec 15 2020 20:08:16 GMT-0800 (Pacific Standard Time),Sun Dec 20 2020 20:08:16 GMT-0800 (Pacific Standard Time)
1,2,2,242,67,Mon Dec 21 2020 20:08:16 GMT-0800 (Pacific Standard Time),Wed Dec 23 2020 20:08:16 GMT-0800 (Pacific Standard Time)
2,1,2,338,11,Thu Dec 24 2020 20:08:16 GMT-0800 (Pacific Standard Time),Sun Dec 27 2020 20:08:16 GMT-0800 (Pacific Standard Time)
3,2,1,242,13,Mon Dec 28 2020 20:08:16 GMT-0800 (Pacific Standard Time),Wed Dec 30 2020 20:08:16 GMT-0800 (Pacific Standard Time)
2,2,2,1047,80,Fri Dec 04 2020 20:08:16 GMT-0800 (Pacific Standard Time),Wed Dec 09 2020 20:08:16 GMT-0800 (Pacific Standard Time)
1,2,1,1235,98,Thu Dec 10 2020 20:08:16 GMT-0800 (Pacific Standard Time),Wed Dec 16 2020 20:08:16 GMT-0800 (Pacific Standard Time)
3,2,1,859,62,Thu Dec 17 2020 20:08:16 GMT-0800 (Pacific Standard Time),Mon Dec 21 2020 20:08:16 GMT-0800 (Pacific Standard Time)
1,1,1,1235,36,Tue Dec 22 2020 20:08:16 GMT-0800 (Pacific Standard Time),Mon Dec 28 2020 20:08:16 GMT-0800 (Pacific Standard Time)
1,2,1,671,60,Tue Dec 29 2020 20:08:16 GMT-0800 (Pacific Standard Time),Fri Jan 01 2021 20:08:16 GMT-0800 (Pacific Standard Time)
1,2,2,859,45,Sat Jan 02 2021 20:08:16 GMT-0800 (Pacific Standard Time),Wed Jan 06 2021 20:08:16 GMT-0800 (Pacific Standard Time)
3,2,1,107,18,Thu Jan 07 2021 20:08:16 GMT-0800 (Pacific Standard Time),Thu Jan 07 2021 20:08:16 GMT-0800 (Pacific Standard Time)
3,2,1,1023,32,Fri Dec 04 2020 20:08:16 GMT-0800 (Pacific Standard Time),Tue Dec 08 2020 20:08:16 GMT-0800 (Pacific Standard Time)
3,1,1,1023,14,Wed Dec 09 2020 20:08:16 GMT-0800 (Pacific Standard Time),Sun Dec 13 2020 20:08:16 GMT-0800 (Pacific Standard Time)
3,1,1,553,86,Mon Dec 14 2020 20:08:16 GMT-0800 (Pacific Standard Time),Wed Dec 16 2020 20:08:16 GMT-0800 (Pacific Standard Time)
1,1,1,1023,8,Thu Dec 17 2020 20:08:16 GMT-0800 (Pacific Standard Time),Mon Dec 21 2020 20:08:16 GMT-0800 (Pacific Standard Time)
1,2,1,83,23,Tue Dec 22 2020 20:08:16 GMT-0800 (Pacific Standard Time),Tue Dec 22 2020 20:08:16 GMT-0800 (Pacific Standard Time)
1,1,2,318,10,Wed Dec 23 2020 20:08:16 GMT-0800 (Pacific Standard Time),Thu Dec 24 2020 20:08:16 GMT-0800 (Pacific Standard Time)
2,2,2,1493,91,Fri Dec 25 2020 20:08:16 GMT-0800 (Pacific Standard Time),Thu Dec 31 2020 20:08:16 GMT-0800 (Pacific Standard Time)
3,2,2,75,69,Fri Dec 04 2020 20:08:16 GMT-0800 (Pacific Standard Time),Wed Dec 09 2020 20:08:16 GMT-0800 (Pacific Standard Time)
1,2,1,63,94,Thu Dec 10 2020 20:08:16 GMT-0800 (Pacific Standard Time),Sat Dec 12 2020 20:08:16 GMT-0800 (Pacific Standard Time)
3,2,2,55,64,Sun Dec 13 2020 20:08:16 GMT-0800 (Pacific Standard Time),Sun Dec 13 2020 20:08:16 GMT-0800 (Pacific Standard Time)
2,2,2,59,13,Mon Dec 14 2020 20:08:16 GMT-0800 (Pacific Standard Time),Tue Dec 15 2020 20:08:16 GMT-0800 (Pacific Standard Time)
1,2,1,63,48,Wed Dec 16 2020 20:08:16 GMT-0800 (Pacific Standard Time),Fri Dec 18 2020 20:08:16 GMT-0800 (Pacific Standard Time)
3,1,2,79,74,Sat Dec 19 2020 20:08:16 GMT-0800 (Pacific Standard Time),Fri Dec 25 2020 20:08:16 GMT-0800 (Pacific Standard Time)
3,1,2,71,9,Sat Dec 26 2020 20:08:16 GMT-0800 (Pacific Standard Time),Wed Dec 30 2020 20:08:16 GMT-0800 (Pacific Standard Time)
1,2,1,161,23,Fri Dec 04 2020 20:08:16 GMT-0800 (Pacific Standard Time),Mon Dec 07 2020 20:08:16 GMT-0800 (Pacific Standard Time)
1,1,2,120,63,Tue Dec 08 2020 20:08:16 GMT-0800 (Pacific Standard Time),Thu Dec 10 2020 20:08:16 GMT-0800 (Pacific Standard Time)
1,1,1,284,33,Fri Dec 11 2020 20:08:16 GMT-0800 (Pacific Standard Time),Thu Dec 17 2020 20:08:16 GMT-0800 (Pacific Standard Time)
2,2,1,38,2,Fri Dec 18 2020 20:08:16 GMT-0800 (Pacific Standard Time),Fri Dec 18 2020 20:08:16 GMT-0800 (Pacific Standard Time)
2,1,1,38,4,Sat Dec 19 2020 20:08:16 GMT-0800 (Pacific Standard Time),Sat Dec 19 2020 20:08:16 GMT-0800 (Pacific Standard Time)
1,2,1,79,84,Sun Dec 20 2020 20:08:16 GMT-0800 (Pacific Standard Time),Mon Dec 21 2020 20:08:16 GMT-0800 (Pacific Standard Time)
1,1,2,243,96,Tue Dec 22 2020 20:08:16 GMT-0800 (Pacific Standard Time),Sun Dec 27 2020 20:08:16 GMT-0800 (Pacific Standard Time)
1,1,1,35,50,Fri Dec 04 2020 20:08:16 GMT-0800 (Pacific Standard Time),Fri Dec 04 2020 20:08:16 GMT-0800 (Pacific Standard Time)
1,1,2,231,53,Sat Dec 05 2020 20:08:16 GMT-0800 (Pacific Standard Time),Wed Dec 09 2020 20:08:16 GMT-0800 (Pacific Standard Time)
3,1,2,231,36,Thu Dec 10 2020 20:08:16 GMT-0800 (Pacific Standard Time),Mon Dec 14 2020 20:08:16 GMT-0800 (Pacific Standard Time)
2,2,2,35,40,Tue Dec 15 2020 20:08:16 GMT-0800 (Pacific Standard Time),Tue Dec 15 2020 20:08:16 GMT-0800 (Pacific Standard Time)
1,2,2,133,25,Wed Dec 16 2020 20:08:16 GMT-0800 (Pacific Standard Time),Fri Dec 18 2020 20:08:16 GMT-0800 (Pacific Standard Time)
3,2,2,35,82,Sat Dec 19 2020 20:08:16 GMT-0800 (Pacific Standard Time),Sat Dec 19 2020 20:08:16 GMT-0800 (Pacific Standard Time)
2,1,1,133,85,Sun Dec 20 2020 20:08:16 GMT-0800 (Pacific Standard Time),Tue Dec 22 2020 20:08:16 GMT-0800 (Pacific Standard Time)
3,1,2,1268,81,Fri Dec 04 2020 20:08:16 GMT-0800 (Pacific Standard Time),Wed Dec 09 2020 20:08:16 GMT-0800 (Pacific Standard Time)
2,1,2,1019,0,Thu Dec 10 2020 20:08:16 GMT-0800 (Pacific Standard Time),Mon Dec 14 2020 20:08:16 GMT-0800 (Pacific Standard Time)
1,1,2,521,59,Tue Dec 15 2020 20:08:16 GMT-0800 (Pacific Standard Time),Thu Dec 17 2020 20:08:16 GMT-0800 (Pacific Standard Time)
2,1,2,1019,90,Fri Dec 18 2020 20:08:16 GMT-0800 (Pacific Standard Time),Tue Dec 22 2020 20:08:16 GMT-0800 (Pacific Standard Time)
3,2,1,272,17,Wed Dec 23 2020 20:08:16 GMT-0800 (Pacific Standard Time),Thu Dec 24 2020 20:08:16 GMT-0800 (Pacific Standard Time)
1,1,2,1517,38,Fri Dec 25 2020 20:08:16 GMT-0800 (Pacific Standard Time),Thu Dec 31 2020 20:08:16 GMT-0800 (Pacific Standard Time)
2,2,1,1517,97,Fri Jan 01 2021 20:08:16 GMT-0800 (Pacific Standard Time),Thu Jan 07 2021 20:08:16 GMT-0800 (Pacific Standard Time)
3,1,2,201,66,Fri Dec 04 2020 20:08:16 GMT-0800 (Pacific Standard Time),Sat Dec 05 2020 20:08:16 GMT-0800 (Pacific Standard Time)
3,2,2,80,86,Sun Dec 06 2020 20:08:16 GMT-0800 (Pacific Standard Time),Sun Dec 06 2020 20:08:16 GMT-0800 (Pacific Standard Time)
1,2,2,201,19,Mon Dec 07 2020 20:08:16 GMT-0800 (Pacific Standard Time),Tue Dec 08 2020 20:08:16 GMT-0800 (Pacific Standard Time)
1,2,1,201,4,Wed Dec 09 2020 20:08:16 GMT-0800 (Pacific Standard Time),Thu Dec 10 2020 20:08:16 GMT-0800 (Pacific Standard Time)
1,2,1,564,29,Fri Dec 11 2020 20:08:16 GMT-0800 (Pacific Standard Time),Tue Dec 15 2020 20:08:16 GMT-0800 (Pacific Standard Time)
3,2,2,201,63,Wed Dec 16 2020 20:08:16 GMT-0800 (Pacific Standard Time),Thu Dec 17 2020 20:08:16 GMT-0800 (Pacific Standard Time)
1,1,2,322,48,Fri Dec 18 2020 20:08:16 GMT-0800 (Pacific Standard Time),Sun Dec 20 2020 20:08:16 GMT-0800 (Pacific Standard Time)
2,1,2,838,76,Fri Dec 04 2020 20:08:16 GMT-0800 (Pacific Standard Time),Mon Dec 07 2020 20:08:16 GMT-0800 (Pacific Standard Time)
1,2,1,55,76,Tue Dec 08 2020 20:08:16 GMT-0800 (Pacific Standard Time),Tue Dec 08 2020 20:08:16 GMT-0800 (Pacific Standard Time)
2,2,1,1099,15,Wed Dec 09 2020 20:08:16 GMT-0800 (Pacific Standard Time),Sun Dec 13 2020 20:08:16 GMT-0800 (Pacific Standard Time)
2,2,2,1360,61,Mon Dec 14 2020 20:08:16 GMT-0800 (Pacific Standard Time),Sat Dec 19 2020 20:08:16 GMT-0800 (Pacific Standard Time)
3,2,2,838,82,Sun Dec 20 2020 20:08:16 GMT-0800 (Pacific Standard Time),Wed Dec 23 2020 20:08:16 GMT-0800 (Pacific Standard Time)
3,2,2,1099,81,Thu Dec 24 2020 20:08:16 GMT-0800 (Pacific Standard Time),Mon Dec 28 2020 20:08:16 GMT-0800 (Pacific Standard Time)
3,2,1,1621,94,Tue Dec 29 2020 20:08:16 GMT-0800 (Pacific Standard Time),Mon Jan 04 2021 20:08:16 GMT-0800 (Pacific Standard Time)
1,1,1,1135,91,Fri Dec 04 2020 20:08:16 GMT-0800 (Pacific Standard Time),Tue Dec 08 2020 20:08:16 GMT-0800 (Pacific Standard Time)
1,2,1,597,12,Wed Dec 09 2020 20:08:16 GMT-0800 (Pacific Standard Time),Fri Dec 11 2020 20:08:16 GMT-0800 (Pacific Standard Time)
1,2,1,1673,32,Sat Dec 12 2020 20:08:16 GMT-0800 (Pacific Standard Time),Fri Dec 18 2020 20:08:16 GMT-0800 (Pacific Standard Time)
3,1,2,1135,82,Sat Dec 19 2020 20:08:16 GMT-0800 (Pacific Standard Time),Wed Dec 23 2020 20:08:16 GMT-0800 (Pacific Standard Time)
2,2,1,866,24,Thu Dec 24 2020 20:08:16 GMT-0800 (Pacific Standard Time),Sun Dec 27 2020 20:08:16 GMT-0800 (Pacific Standard Time)
3,1,1,1673,20,Mon Dec 28 2020 20:08:16 GMT-0800 (Pacific Standard Time),Sun Jan 03 2021 20:08:16 GMT-0800 (Pacific Standard Time)
1,2,2,328,40,Mon Jan 04 2021 20:08:16 GMT-0800 (Pacific Standard Time),Tue Jan 05 2021 20:08:16 GMT-0800 (Pacific Standard Time)
3,2,1,312,21,Fri Dec 04 2020 20:08:16 GMT-0800 (Pacific Standard Time),Mon Dec 07 2020 20:08:16 GMT-0800 (Pacific Standard Time)
1,2,2,312,23,Tue Dec 08 2020 20:08:16 GMT-0800 (Pacific Standard Time),Fri Dec 11 2020 20:08:16 GMT-0800 (Pacific Standard Time)
1,2,2,412,27,Sat Dec 12 2020 20:08:16 GMT-0800 (Pacific Standard Time),Wed Dec 16 2020 20:08:16 GMT-0800 (Pacific Standard Time)
1,1,1,212,55,Thu Dec 17 2020 20:08:16 GMT-0800 (Pacific Standard Time),Sat Dec 19 2020 20:08:16 GMT-0800 (Pacific Standard Time)
2,2,1,412,57,Sun Dec 20 2020 20:08:16 GMT-0800 (Pacific Standard Time),Thu Dec 24 2020 20:08:16 GMT-0800 (Pacific Standard Time)
2,1,2,212,59,Fri Dec 25 2020 20:08:16 GMT-0800 (Pacific Standard Time),Sun Dec 27 2020 20:08:16 GMT-0800 (Pacific Standard Time)
3,1,1,312,85,Mon Dec 28 2020 20:08:16 GMT-0800 (Pacific Standard Time),Thu Dec 31 2020 20:08:16 GMT-0800 (Pacific Standard Time)
3,2,1,730,50,Fri Dec 04 2020 20:08:16 GMT-0800 (Pacific Standard Time),Tue Dec 08 2020 20:08:16 GMT-0800 (Pacific Standard Time)
2,2,2,730,71,Wed Dec 09 2020 20:08:16 GMT-0800 (Pacific Standard Time),Sun Dec 13 2020 20:08:16 GMT-0800 (Pacific Standard Time)
1,1,2,78,36,Mon Dec 14 2020 20:08:16 GMT-0800 (Pacific Standard Time),Mon Dec 14 2020 20:08:16 GMT-0800 (Pacific Standard Time)
1,2,2,241,6,Tue Dec 15 2020 20:08:16 GMT-0800 (Pacific Standard Time),Wed Dec 16 2020 20:08:16 GMT-0800 (Pacific Standard Time)
3,2,1,1056,6,Thu Dec 17 2020 20:08:16 GMT-0800 (Pacific Standard Time),Wed Dec 23 2020 20:08:16 GMT-0800 (Pacific Standard Time)
3,1,2,730,13,Thu Dec 24 2020 20:08:16 GMT-0800 (Pacific Standard Time),Mon Dec 28 2020 20:08:16 GMT-0800 (Pacific Standard Time)
2,2,1,404,42,Tue Dec 29 2020 20:08:16 GMT-0800 (Pacific Standard Time),Thu Dec 31 2020 20:08:16 GMT-0800 (Pacific Standard Time)
3,2,1,100,54,Fri Dec 04 2020 20:08:16 GMT-0800 (Pacific Standard Time),Sun Dec 06 2020 20:08:16 GMT-0800 (Pacific Standard Time)
1,2,1,163,46,Mon Dec 07 2020 20:08:16 GMT-0800 (Pacific Standard Time),Sat Dec 12 2020 20:08:16 GMT-0800 (Pacific Standard Time)
1,1,1,100,87,Sun Dec 13 2020 20:08:16 GMT-0800 (Pacific Standard Time),Tue Dec 15 2020 20:08:16 GMT-0800 (Pacific Standard Time)
2,1,2,121,60,Wed Dec 16 2020 20:08:16 GMT-0800 (Pacific Standard Time),Sat Dec 19 2020 20:08:16 GMT-0800 (Pacific Standard Time)
1,2,1,184,31,Sun Dec 20 2020 20:08:16 GMT-0800 (Pacific Standard Time),Sat Dec 26 2020 20:08:16 GMT-0800 (Pacific Standard Time)
1,1,2,184,74,Sun Dec 27 2020 20:08:16 GMT-0800 (Pacific Standard Time),Sat Jan 02 2021 20:08:16 GMT-0800 (Pacific Standard Time)
2,1,1,79,72,Sun Jan 03 2021 20:08:16 GMT-0800 (Pacific Standard Time),Mon Jan 04 2021 20:08:16 GMT-0800 (Pacific Standard Time)
2,1,2,1540,88,Fri Dec 04 2020 20:08:16 GMT-0800 (Pacific Standard Time),Thu Dec 10 2020 20:08:16 GMT-0800 (Pacific Standard Time)
2,1,1,1540,14,Fri Dec 11 2020 20:08:16 GMT-0800 (Pacific Standard Time),Thu Dec 17 2020 20:08:16 GMT-0800 (Pacific Standard Time)
3,1,2,310,82,Fri Dec 18 2020 20:08:16 GMT-0800 (Pacific Standard Time),Sat Dec 19 2020 20:08:16 GMT-0800 (Pacific Standard Time)
3,2,1,1540,96,Sun Dec 20 2020 20:08:16 GMT-0800 (Pacific Standard Time),Sat Dec 26 2020 20:08:16 GMT-0800 (Pacific Standard Time)
3,2,2,802,87,Sun Dec 27 2020 20:08:16 GMT-0800 (Pacific Standard Time),Wed Dec 30 2020 20:08:16 GMT-0800 (Pacific Standard Time)
3,1,2,64,14,Thu Dec 31 2020 20:08:16 GMT-0800 (Pacific Standard Time),Thu Dec 31 2020 20:08:16 GMT-0800 (Pacific Standard Time)
23,1,2,64,14,Thu Dec 31 2020 20:08:16 GMT-0800 (Pacific Standard Time),Thu Dec 31 2020 20:08:16 GMT-0800 (Pacific Standard Time)
2,2,1,1540,70,Fri Jan 01 2021 20:08:16 GMT-0800 (Pacific Standard Time),Thu Jan 07 2021 20:08:16 GMT-0800 (Pacific Standard Time)
3,2,1,52,62,Fri Dec 04 2020 20:08:16 GMT-0800 (Pacific Standard Time),Sat Dec 05 2020 20:08:16 GMT-0800 (Pacific Standard Time)
3,1,1,54,35,Sun Dec 06 2020 20:08:16 GMT-0800 (Pacific Standard Time),Wed Dec 09 2020 20:08:16 GMT-0800 (Pacific Standard Time)
2,2,1,51,2,Thu Dec 10 2020 20:08:16 GMT-0800 (Pacific Standard Time),Thu Dec 10 2020 20:08:16 GMT-0800 (Pacific Standard Time)
1,2,1,52,61,Fri Dec 11 2020 20:08:16 GMT-0800 (Pacific Standard Time),Sat Dec 12 2020 20:08:16 GMT-0800 (Pacific Standard Time)1,2,2,55,83,Sun Dec 20 2020 20:08:16 GMT-0800 (Pacific Standard Time),Thu Dec 24 2020 20:08:16 GMT-0800 (Pacific Standard Time)
3,2,2,51,51,Fri Dec 25 2020 20:08:16 GMT-0800 (Pacific Standard Time),Fri Dec 25 2020 20:08:16 GMT-0800 (Pacific Standard Time)
3,2,2,575,8,Fri Dec 04 2020 20:08:16 GMT-0800 (Pacific Standard Time),Sun Dec 06 2020 20:08:16 GMT-0800 (Pacific Standard Time)
3,1,1,575,21,Mon Dec 07 2020 20:08:16 GMT-0800 (Pacific Standard Time),Wed Dec 09 2020 20:08:16 GMT-0800 (Pacific Standard Time)
3,2,2,1289,63,Thu Dec 10 2020 20:08:16 GMT-0800 (Pacific Standard Time),Tue Dec 15 2020 20:08:16 GMT-0800 (Pacific Standard Time)
2,2,2,337,58,Wed Dec 16 2020 20:08:16 GMT-0800 (Pacific Standard Time),Thu Dec 17 2020 20:08:16 GMT-0800 (Pacific Standard Time)
2,2,1,1289,40,Fri Dec 18 2020 20:08:16 GMT-0800 (Pacific Standard Time),Wed Dec 23 2020 20:08:16 GMT-0800 (Pacific Standard Time)
1,1,2,813,3,Thu Dec 24 2020 20:08:16 GMT-0800 (Pacific Standard Time),Sun Dec 27 2020 20:08:16 GMT-0800 (Pacific Standard Time)
1,2,1,813,15,Mon Dec 28 2020 20:08:16 GMT-0800 (Pacific Standard Time),Thu Dec 31 2020 20:08:16 GMT-0800 (Pacific Standard Time)
1,2,2,790,48,Fri Dec 04 2020 20:08:16 GMT-0800 (Pacific Standard Time),Wed Dec 09 2020 20:08:16 GMT-0800 (Pacific Standard Time)
2,2,2,55,32,Thu Dec 10 2020 20:08:16 GMT-0800 (Pacific Standard Time),Thu Dec 10 2020 20:08:16 GMT-0800 (Pacific Standard Time)
3,1,2,496,41,Fri Dec 11 2020 20:08:16 GMT-0800 (Pacific Standard Time),Mon Dec 14 2020 20:08:16 GMT-0800 (Pacific Standard Time)
2,1,1,496,94,Tue Dec 15 2020 20:08:16 GMT-0800 (Pacific Standard Time),Fri Dec 18 2020 20:08:16 GMT-0800 (Pacific Standard Time)
1,2,2,55,2,Sat Dec 19 2020 20:08:16 GMT-0800 (Pacific Standard Time),Sat Dec 19 2020 20:08:16 GMT-0800 (Pacific Standard Time)
2,1,2,643,38,Sun Dec 20 2020 20:08:16 GMT-0800 (Pacific Standard Time),Thu Dec 24 2020 20:08:16 GMT-0800 (Pacific Standard Time)
1,2,2,55,92,Fri Dec 25 2020 20:08:16 GMT-0800 (Pacific Standard Time),Fri Dec 25 2020 20:08:16 GMT-0800 (Pacific Standard Time)
2,2,2,52,8,Fri Dec 04 2020 20:08:16 GMT-0800 (Pacific Standard Time),Fri Dec 04 2020 20:08:16 GMT-0800 (Pacific Standard Time)
2,2,1,157,12,Sat Dec 05 2020 20:08:16 GMT-0800 (Pacific Standard Time),Tue Dec 08 2020 20:08:16 GMT-0800 (Pacific Standard Time)
1,2,1,52,88,Wed Dec 09 2020 20:08:16 GMT-0800 (Pacific Standard Time),Wed Dec 09 2020 20:08:16 GMT-0800 (Pacific Standard Time)
3,1,1,52,64,Thu Dec 10 2020 20:08:16 GMT-0800 (Pacific Standard Time),Thu Dec 10 2020 20:08:16 GMT-0800 (Pacific Standard Time)
3,1,2,157,58,Fri Dec 11 2020 20:08:16 GMT-0800 (Pacific Standard Time),Mon Dec 14 2020 20:08:16 GMT-0800 (Pacific Standard Time)
1,1,1,227,88,Tue Dec 15 2020 20:08:16 GMT-0800 (Pacific Standard Time),Sun Dec 20 2020 20:08:16 GMT-0800 (Pacific Standard Time)
1,2,2,227,13,Mon Dec 21 2020 20:08:16 GMT-0800 (Pacific Standard Time),Sat Dec 26 2020 20:08:16 GMT-0800 (Pacific Standard Time)
2,1,2,276,24,Fri Dec 04 2020 20:08:16 GMT-0800 (Pacific Standard Time),Sat Dec 05 2020 20:08:16 GMT-0800 (Pacific Standard Time)
2,2,1,1466,11,Sun Dec 06 2020 20:08:16 GMT-0800 (Pacific Standard Time),Sat Dec 12 2020 20:08:16 GMT-0800 (Pacific Standard Time)
2,1,2,990,89,Sun Dec 13 2020 20:08:16 GMT-0800 (Pacific Standard Time),Thu Dec 17 2020 20:08:16 GMT-0800 (Pacific Standard Time)
3,1,1,38,30,Fri Dec 18 2020 20:08:16 GMT-0800 (Pacific Standard Time),Fri Dec 18 2020 20:08:16 GMT-0800 (Pacific Standard Time)
2,1,2,752,14,Sat Dec 19 2020 20:08:16 GMT-0800 (Pacific Standard Time),Tue Dec 22 2020 20:08:16 GMT-0800 (Pacific Standard Time)
3,2,1,38,15,Wed Dec 23 2020 20:08:16 GMT-0800 (Pacific Standard Time),Wed Dec 23 2020 20:08:16 GMT-0800 (Pacific Standard Time)
1,2,2,38,23,Thu Dec 24 2020 20:08:16 GMT-0800 (Pacific Standard Time),Thu Dec 24 2020 20:08:16 GMT-0800 (Pacific Standard Time)
3,2,2,600,39,Fri Dec 04 2020 20:08:16 GMT-0800 (Pacific Standard Time),Mon Dec 07 2020 20:08:16 GMT-0800 (Pacific Standard Time)
1,1,2,414,35,Tue Dec 08 2020 20:08:16 GMT-0800 (Pacific Standard Time),Thu Dec 10 2020 20:08:16 GMT-0800 (Pacific Standard Time)
3,1,2,42,32,Fri Dec 11 2020 20:08:16 GMT-0800 (Pacific Standard Time),Fri Dec 11 2020 20:08:16 GMT-0800 (Pacific Standard Time)
2,1,1,228,59,Sat Dec 12 2020 20:08:16 GMT-0800 (Pacific Standard Time),Sun Dec 13 2020 20:08:16 GMT-0800 (Pacific Standard Time)
1,2,1,600,57,Mon Dec 14 2020 20:08:16 GMT-0800 (Pacific Standard Time),Thu Dec 17 2020 20:08:16 GMT-0800 (Pacific Standard Time)
1,2,1,414,53,Fri Dec 18 2020 20:08:16 GMT-0800 (Pacific Standard Time),Sun Dec 20 2020 20:08:16 GMT-0800 (Pacific Standard Time)
3,2,1,228,90,Mon Dec 21 2020 20:08:16 GMT-0800 (Pacific Standard Time),Tue Dec 22 2020 20:08:16 GMT-0800 (Pacific Standard Time)
1,1,2,643,81,Fri Dec 04 2020 20:08:16 GMT-0800 (Pacific Standard Time),Mon Dec 07 2020 20:08:16 GMT-0800 (Pacific Standard Time)
2,1,2,1228,91,Tue Dec 08 2020 20:08:16 GMT-0800 (Pacific Standard Time),Mon Dec 14 2020 20:08:16 GMT-0800 (Pacific Standard Time)
2,1,1,1033,49,Tue Dec 15 2020 20:08:16 GMT-0800 (Pacific Standard Time),Sun Dec 20 2020 20:08:16 GMT-0800 (Pacific Standard Time)
1,2,1,643,10,Mon Dec 21 2020 20:08:16 GMT-0800 (Pacific Standard Time),Thu Dec 24 2020 20:08:16 GMT-0800 (Pacific Standard Time)
3,1,1,838,98,Fri Dec 25 2020 20:08:16 GMT-0800 (Pacific Standard Time),Tue Dec 29 2020 20:08:16 GMT-0800 (Pacific Standard Time)
2,1,1,643,25,Wed Dec 30 2020 20:08:16 GMT-0800 (Pacific Standard Time),Sat Jan 02 2021 20:08:16 GMT-0800 (Pacific Standard Time)
1,1,2,1033,89,Sun Jan 03 2021 20:08:16 GMT-0800 (Pacific Standard Time),Fri Jan 08 2021 20:08:16 GMT-0800 (Pacific Standard Time)
2,1,1,492,65,Fri Dec 04 2020 20:08:16 GMT-0800 (Pacific Standard Time),Tue Dec 08 2020 20:08:16 GMT-0800 (Pacific Standard Time)
1,2,1,162,7,Wed Dec 09 2020 20:08:16 GMT-0800 (Pacific Standard Time),Thu Dec 10 2020 20:08:16 GMT-0800 (Pacific Standard Time)
3,1,2,162,2,Fri Dec 11 2020 20:08:16 GMT-0800 (Pacific Standard Time),Sat Dec 12 2020 20:08:16 GMT-0800 (Pacific Standard Time)
3,2,2,52,34,Sun Dec 13 2020 20:08:16 GMT-0800 (Pacific Standard Time),Sun Dec 13 2020 20:08:16 GMT-0800 (Pacific Standard Time)
3,2,2,162,26,Mon Dec 14 2020 20:08:16 GMT-0800 (Pacific Standard Time),Tue Dec 15 2020 20:08:16 GMT-0800 (Pacific Standard Time)
3,2,1,272,35,Wed Dec 16 2020 20:08:16 GMT-0800 (Pacific Standard Time),Fri Dec 18 2020 20:08:16 GMT-0800 (Pacific Standard Time)
2,2,2,272,45,Sat Dec 19 2020 20:08:16 GMT-0800 (Pacific Standard Time),Mon Dec 21 2020 20:08:16 GMT-0800 (Pacific Standard Time)
1,1,1,93,3,Fri Dec 04 2020 20:08:16 GMT-0800 (Pacific Standard Time),Fri Dec 04 2020 20:08:16 GMT-0800 (Pacific Standard Time)
3,2,1,1568,82,Sat Dec 05 2020 20:08:16 GMT-0800 (Pacific Standard Time),Thu Dec 10 2020 20:08:16 GMT-0800 (Pacific Standard Time)
3,2,2,93,24,Fri Dec 11 2020 20:08:16 GMT-0800 (Pacific Standard Time),Fri Dec 11 2020 20:08:16 GMT-0800 (Pacific Standard Time)
1,1,1,1273,32,Sat Dec 12 2020 20:08:16 GMT-0800 (Pacific Standard Time),Wed Dec 16 2020 20:08:16 GMT-0800 (Pacific Standard Time)
3,1,1,1273,72,Thu Dec 17 2020 20:08:16 GMT-0800 (Pacific Standard Time),Mon Dec 21 2020 20:08:16 GMT-0800 (Pacific Standard Time)
2,1,2,388,45,Tue Dec 22 2020 20:08:16 GMT-0800 (Pacific Standard Time),Wed Dec 23 2020 20:08:16 GMT-0800 (Pacific Standard Time)
1,2,2,93,25,Thu Dec 24 2020 20:08:16 GMT-0800 (Pacific Standard Time),Thu Dec 24 2020 20:08:16 GMT-0800 (Pacific Standard Time)
3,1,1,327,14,Fri Dec 04 2020 20:08:16 GMT-0800 (Pacific Standard Time),Sun Dec 06 2020 20:08:16 GMT-0800 (Pacific Standard Time)
3,2,2,579,22,Mon Dec 07 2020 20:08:16 GMT-0800 (Pacific Standard Time),Fri Dec 11 2020 20:08:16 GMT-0800 (Pacific Standard Time)
1,1,2,75,10,Sat Dec 12 2020 20:08:16 GMT-0800 (Pacific Standard Time),Sat Dec 12 2020 20:08:16 GMT-0800 (Pacific Standard Time)
3,2,2,579,70,Sun Dec 13 2020 20:08:16 GMT-0800 (Pacific Standard Time),Thu Dec 17 2020 20:08:16 GMT-0800 (Pacific Standard Time)
3,1,1,831,49,Fri Dec 18 2020 20:08:16 GMT-0800 (Pacific Standard Time),Thu Dec 24 2020 20:08:16 GMT-0800 (Pacific Standard Time)
3,1,1,453,88,Fri Dec 25 2020 20:08:16 GMT-0800 (Pacific Standard Time),Mon Dec 28 2020 20:08:16 GMT-0800 (Pacific Standard Time)
1,2,1,831,9,Tue Dec 29 2020 20:08:16 GMT-0800 (Pacific Standard Time),Mon Jan 04 2021 20:08:16 GMT-0800 (Pacific Standard Time)
2,2,1,1139,15,Fri Dec 04 2020 20:08:16 GMT-0800 (Pacific Standard Time),Thu Dec 10 2020 20:08:16 GMT-0800 (Pacific Standard Time)
1,2,2,955,54,Fri Dec 11 2020 20:08:16 GMT-0800 (Pacific Standard Time),Wed Dec 16 2020 20:08:16 GMT-0800 (Pacific Standard Time)
2,1,1,955,97,Thu Dec 17 2020 20:08:16 GMT-0800 (Pacific Standard Time),Tue Dec 22 2020 20:08:16 GMT-0800 (Pacific Standard Time)
2,2,1,955,34,Wed Dec 23 2020 20:08:16 GMT-0800 (Pacific Standard Time),Mon Dec 28 2020 20:08:16 GMT-0800 (Pacific Standard Time)
2,1,2,587,57,Tue Dec 29 2020 20:08:16 GMT-0800 (Pacific Standard Time),Fri Jan 01 2021 20:08:16 GMT-0800 (Pacific Standard Time)
3,1,2,35,10,Sat Jan 02 2021 20:08:16 GMT-0800 (Pacific Standard Time),Sat Jan 02 2021 20:08:16 GMT-0800 (Pacific Standard Time)
3,2,1,403,20,Sun Jan 03 2021 20:08:16 GMT-0800 (Pacific Standard Time),Tue Jan 05 2021 20:08:16 GMT-0800 (Pacific Standard Time)
1,1,1,1064,62,Fri Dec 04 2020 20:08:16 GMT-0800 (Pacific Standard Time),Tue Dec 08 2020 20:08:16 GMT-0800 (Pacific Standard Time)
3,2,1,816,28,Wed Dec 09 2020 20:08:16 GMT-0800 (Pacific Standard Time),Sat Dec 12 2020 20:08:16 GMT-0800 (Pacific Standard Time)
1,1,1,320,85,Sun Dec 13 2020 20:08:16 GMT-0800 (Pacific Standard Time),Mon Dec 14 2020 20:08:16 GMT-0800 (Pacific Standard Time)
1,2,1,1064,41,Tue Dec 15 2020 20:08:16 GMT-0800 (Pacific Standard Time),Sat Dec 19 2020 20:08:16 GMT-0800 (Pacific Standard Time)
3,2,1,816,96,Sun Dec 20 2020 20:08:16 GMT-0800 (Pacific Standard Time),Wed Dec 23 2020 20:08:16 GMT-0800 (Pacific Standard Time)
3,2,2,320,99,Thu Dec 24 2020 20:08:16 GMT-0800 (Pacific Standard Time),Fri Dec 25 2020 20:08:16 GMT-0800 (Pacific Standard Time)
2,1,1,1312,37,Sat Dec 26 2020 20:08:16 GMT-0800 (Pacific Standard Time),Thu Dec 31 2020 20:08:16 GMT-0800 (Pacific Standard Time)
2,1,1,505,10,Fri Dec 04 2020 20:08:16 GMT-0800 (Pacific Standard Time),Sun Dec 06 2020 20:08:16 GMT-0800 (Pacific Standard Time)
1,2,2,505,30,Mon Dec 07 2020 20:08:16 GMT-0800 (Pacific Standard Time),Wed Dec 09 2020 20:08:16 GMT-0800 (Pacific Standard Time)
3,2,2,73,28,Thu Dec 10 2020 20:08:16 GMT-0800 (Pacific Standard Time),Thu Dec 10 2020 20:08:16 GMT-0800 (Pacific Standard Time)
3,2,1,73,51,Fri Dec 11 2020 20:08:16 GMT-0800 (Pacific Standard Time),Fri Dec 11 2020 20:08:16 GMT-0800 (Pacific Standard Time)
1,1,2,937,36,Sat Dec 12 2020 20:08:16 GMT-0800 (Pacific Standard Time),Wed Dec 16 2020 20:08:16 GMT-0800 (Pacific Standard Time)
2,1,2,1153,35,Thu Dec 17 2020 20:08:16 GMT-0800 (Pacific Standard Time),Tue Dec 22 2020 20:08:16 GMT-0800 (Pacific Standard Time)
1,1,1,1369,27,Wed Dec 23 2020 20:08:16 GMT-0800 (Pacific Standard Time),Tue Dec 29 2020 20:08:16 GMT-0800 (Pacific Standard Time)
2,2,2,281,98,Fri Dec 04 2020 20:08:16 GMT-0800 (Pacific Standard Time),Sat Dec 05 2020 20:08:16 GMT-0800 (Pacific Standard Time)
1,2,2,67,71,Sun Dec 06 2020 20:08:16 GMT-0800 (Pacific Standard Time),Sun Dec 06 2020 20:08:16 GMT-0800 (Pacific Standard Time)
1,1,2,1351,93,Mon Dec 07 2020 20:08:16 GMT-0800 (Pacific Standard Time),Sun Dec 13 2020 20:08:16 GMT-0800 (Pacific Standard Time)
3,2,2,1351,62,Mon Dec 14 2020 20:08:16 GMT-0800 (Pacific Standard Time),Sun Dec 20 2020 20:08:16 GMT-0800 (Pacific Standard Time)
3,1,2,495,79,Mon Dec 21 2020 20:08:16 GMT-0800 (Pacific Standard Time),Wed Dec 23 2020 20:08:16 GMT-0800 (Pacific Standard Time)
1,2,1,1351,65,Thu Dec 24 2020 20:08:16 GMT-0800 (Pacific Standard Time),Wed Dec 30 2020 20:08:16 GMT-0800 (Pacific Standard Time)
2,1,1,495,82,Thu Dec 31 2020 20:08:16 GMT-0800 (Pacific Standard Time),Sat Jan 02 2021 20:08:16 GMT-0800 (Pacific Standard Time)
2,2,1,136,16,Fri Dec 04 2020 20:08:16 GMT-0800 (Pacific Standard Time),Sat Dec 05 2020 20:08:16 GMT-0800 (Pacific Standard Time)
3,2,1,424,86,Sun Dec 06 2020 20:08:16 GMT-0800 (Pacific Standard Time),Fri Dec 11 2020 20:08:16 GMT-0800 (Pacific Standard Time)
2,1,2,496,50,Sat Dec 12 2020 20:08:16 GMT-0800 (Pacific Standard Time),Fri Dec 18 2020 20:08:16 GMT-0800 (Pacific Standard Time)
1,1,2,352,77,Sat Dec 19 2020 20:08:16 GMT-0800 (Pacific Standard Time),Wed Dec 23 2020 20:08:16 GMT-0800 (Pacific Standard Time)
3,1,2,64,49,Thu Dec 24 2020 20:08:16 GMT-0800 (Pacific Standard Time),Thu Dec 24 2020 20:08:16 GMT-0800 (Pacific Standard Time)
2,1,1,64,21,Fri Dec 25 2020 20:08:16 GMT-0800 (Pacific Standard Time),Fri Dec 25 2020 20:08:16 GMT-0800 (Pacific Standard Time)
2,2,1,64,48,Sat Dec 26 2020 20:08:16 GMT-0800 (Pacific Standard Time),Sat Dec 26 2020 20:08:16 GMT-0800 (Pacific Standard Time)
1,1,1,240,98,Fri Dec 04 2020 20:08:16 GMT-0800 (Pacific Standard Time),Sat Dec 05 2020 20:08:16 GMT-0800 (Pacific Standard Time)
1,2,2,448,1,Sun Dec 06 2020 20:08:16 GMT-0800 (Pacific Standard Time),Tue Dec 08 2020 20:08:16 GMT-0800 (Pacific Standard Time)
2,1,1,240,51,Wed Dec 09 2020 20:08:16 GMT-0800 (Pacific Standard Time),Thu Dec 10 2020 20:08:16 GMT-0800 (Pacific Standard Time)
2,2,2,32,47,Fri Dec 11 2020 20:08:16 GMT-0800 (Pacific Standard Time),Fri Dec 11 2020 20:08:16 GMT-0800 (Pacific Standard Time)
3,1,1,864,90,Sat Dec 12 2020 20:08:16 GMT-0800 (Pacific Standard Time),Wed Dec 16 2020 20:08:16 GMT-0800 (Pacific Standard Time)
3,2,2,448,27,Thu Dec 17 2020 20:08:16 GMT-0800 (Pacific Standard Time),Sat Dec 19 2020 20:08:16 GMT-0800 (Pacific Standard Time)
1,1,2,656,23,Sun Dec 20 2020 20:08:16 GMT-0800 (Pacific Standard Time),Wed Dec 23 2020 20:08:16 GMT-0800 (Pacific Standard Time)
3,2,2,641,74,Fri Dec 04 2020 20:08:16 GMT-0800 (Pacific Standard Time),Mon Dec 07 2020 20:08:16 GMT-0800 (Pacific Standard Time)
3,1,2,35,84,Tue Dec 08 2020 20:08:16 GMT-0800 (Pacific Standard Time),Tue Dec 08 2020 20:08:16 GMT-0800 (Pacific Standard Time)
1,1,2,843,74,Wed Dec 09 2020 20:08:16 GMT-0800 (Pacific Standard Time),Sun Dec 13 2020 20:08:16 GMT-0800 (Pacific Standard Time)
1,1,1,35,37,Mon Dec 14 2020 20:08:16 GMT-0800 (Pacific Standard Time),Mon Dec 14 2020 20:08:16 GMT-0800 (Pacific Standard Time)
1,2,1,843,74,Tue Dec 15 2020 20:08:16 GMT-0800 (Pacific Standard Time),Sat Dec 19 2020 20:08:16 GMT-0800 (Pacific Standard Time)
2,1,1,1045,55,Sun Dec 20 2020 20:08:16 GMT-0800 (Pacific Standard Time),Fri Dec 25 2020 20:08:16 GMT-0800 (Pacific Standard Time)
3,1,1,237,35,Sat Dec 26 2020 20:08:16 GMT-0800 (Pacific Standard Time),Sun Dec 27 2020 20:08:16 GMT-0800 (Pacific Standard Time)
1,1,1,91,92,Fri Dec 04 2020 20:08:16 GMT-0800 (Pacific Standard Time),Thu Dec 10 2020 20:08:16 GMT-0800 (Pacific Standard Time)
3,2,1,91,6,Fri Dec 11 2020 20:08:16 GMT-0800 (Pacific Standard Time),Thu Dec 17 2020 20:08:16 GMT-0800 (Pacific Standard Time)
1,2,1,91,19,Fri Dec 18 2020 20:08:16 GMT-0800 (Pacific Standard Time),Thu Dec 24 2020 20:08:16 GMT-0800 (Pacific Standard Time)
3,2,2,91,60,Fri Dec 25 2020 20:08:16 GMT-0800 (Pacific Standard Time),Thu Dec 31 2020 20:08:16 GMT-0800 (Pacific Standard Time)
3,2,1,59,95,Fri Jan 01 2021 20:08:16 GMT-0800 (Pacific Standard Time),Sun Jan 03 2021 20:08:16 GMT-0800 (Pacific Standard Time)
1,2,2,83,76,Mon Jan 04 2021 20:08:16 GMT-0800 (Pacific Standard Time),Sat Jan 09 2021 20:08:16 GMT-0800 (Pacific Standard Time)
1,2,2,43,78,Sun Jan 10 2021 20:08:16 GMT-0800 (Pacific Standard Time),Sun Jan 10 2021 20:08:16 GMT-0800 (Pacific Standard Time)
3,2,1,1442,63,Fri Dec 04 2020 20:08:16 GMT-0800 (Pacific Standard Time),Thu Dec 10 2020 20:08:16 GMT-0800 (Pacific Standard Time)
2,1,1,50,53,Fri Dec 11 2020 20:08:16 GMT-0800 (Pacific Standard Time),Fri Dec 11 2020 20:08:16 GMT-0800 (Pacific Standard Time)
2,1,1,746,21,Sat Dec 12 2020 20:08:16 GMT-0800 (Pacific Standard Time),Tue Dec 15 2020 20:08:16 GMT-0800 (Pacific Standard Time)
3,2,2,50,36,Wed Dec 16 2020 20:08:16 GMT-0800 (Pacific Standard Time),Wed Dec 16 2020 20:08:16 GMT-0800 (Pacific Standard Time)
2,2,1,50,2,Thu Dec 17 2020 20:08:16 GMT-0800 (Pacific Standard Time),Thu Dec 17 2020 20:08:16 GMT-0800 (Pacific Standard Time)
2,1,1,1210,82,Fri Dec 18 2020 20:08:16 GMT-0800 (Pacific Standard Time),Wed Dec 23 2020 20:08:16 GMT-0800 (Pacific Standard Time)
3,1,2,514,49,Thu Dec 24 2020 20:08:16 GMT-0800 (Pacific Standard Time),Sat Dec 26 2020 20:08:16 GMT-0800 (Pacific Standard Time)
2,2,2,88,19,Fri Dec 04 2020 20:08:16 GMT-0800 (Pacific Standard Time),Fri Dec 04 2020 20:08:16 GMT-0800 (Pacific Standard Time)
1,2,2,219,52,Sat Dec 05 2020 20:08:16 GMT-0800 (Pacific Standard Time),Sun Dec 06 2020 20:08:16 GMT-0800 (Pacific Standard Time)
1,2,2,219,52,Sat Dec 05 2020 20:08:16 GMT-0800 (Pacific Standard Time),Sun Dec 06 2020 20:08:16 GMT-0800 (Pacific Standard Time)
1,2,2,481,86,Mon Dec 07 2020 20:08:16 GMT-0800 (Pacific Standard Time),Thu Dec 10 2020 20:08:16 GMT-0800 (Pacific Standard Time)
2,2,2,88,62,Fri Dec 11 2020 20:08:16 GMT-0800 (Pacific Standard Time),Fri Dec 11 2020 20:08:16 GMT-0800 (Pacific Standard Time)
1,1,1,219,69,Sat Dec 12 2020 20:08:16 GMT-0800 (Pacific Standard Time),Sun Dec 13 2020 20:08:16 GMT-0800 (Pacific Standard Time)
2,2,2,88,99,Mon Dec 14 2020 20:08:16 GMT-0800 (Pacific Standard Time),Mon Dec 14 2020 20:08:16 GMT-0800 (Pacific Standard Time)
1,2,2,219,76,Tue Dec 15 2020 20:08:16 GMT-0800 (Pacific Standard Time),Wed Dec 16 2020 20:08:16 GMT-0800 (Pacific Standard Time)
2,1,1,842,65,Fri Dec 04 2020 20:08:16 GMT-0800 (Pacific Standard Time),Tue Dec 08 2020 20:08:16 GMT-0800 (Pacific Standard Time)
2,1,2,86,43,Wed Dec 09 2020 20:08:16 GMT-0800 (Pacific Standard Time),Wed Dec 09 2020 20:08:16 GMT-0800 (Pacific Standard Time)
3,2,2,86,63,Thu Dec 10 2020 20:08:16 GMT-0800 (Pacific Standard Time),Thu Dec 10 2020 20:08:16 GMT-0800 (Pacific Standard Time)
3,2,1,464,28,Fri Dec 11 2020 20:08:16 GMT-0800 (Pacific Standard Time),Sun Dec 13 2020 20:08:16 GMT-0800 (Pacific Standard Time)
3,1,2,275,63,Mon Dec 14 2020 20:08:16 GMT-0800 (Pacific Standard Time),Tue Dec 15 2020 20:08:16 GMT-0800 (Pacific Standard Time)
1,1,2,464,27,Wed Dec 16 2020 20:08:16 GMT-0800 (Pacific Standard Time),Fri Dec 18 2020 20:08:16 GMT-0800 (Pacific Standard Time)
1,2,1,653,39,Sat Dec 19 2020 20:08:16 GMT-0800 (Pacific Standard Time),Tue Dec 22 2020 20:08:16 GMT-0800 (Pacific Standard Time)
2,1,1,53,83,Fri Dec 04 2020 20:08:16 GMT-0800 (Pacific Standard Time),Fri Dec 04 2020 20:08:16 GMT-0800 (Pacific Standard Time)
1,1,1,551,86,Sat Dec 05 2020 20:08:16 GMT-0800 (Pacific Standard Time),Mon Dec 07 2020 20:08:16 GMT-0800 (Pacific Standard Time)
1,2,1,1049,66,Tue Dec 08 2020 20:08:16 GMT-0800 (Pacific Standard Time),Sat Dec 12 2020 20:08:16 GMT-0800 (Pacific Standard Time)
1,2,2,302,52,Sun Dec 13 2020 20:08:16 GMT-0800 (Pacific Standard Time),Mon Dec 14 2020 20:08:16 GMT-0800 (Pacific Standard Time)
2,2,2,1049,36,Tue Dec 15 2020 20:08:16 GMT-0800 (Pacific Standard Time),Sat Dec 19 2020 20:08:16 GMT-0800 (Pacific Standard Time)
1,2,1,1547,59,Sun Dec 20 2020 20:08:16 GMT-0800 (Pacific Standard Time),Sat Dec 26 2020 20:08:16 GMT-0800 (Pacific Standard Time)
1,1,1,53,26,Sun Dec 27 2020 20:08:16 GMT-0800 (Pacific Standard Time),Sun Dec 27 2020 20:08:16 GMT-0800 (Pacific Standard Time)
1,2,1,356,21,Fri Dec 04 2020 20:08:16 GMT-0800 (Pacific Standard Time),Sat Dec 05 2020 20:08:16 GMT-0800 (Pacific Standard Time)
3,2,2,356,70,Sun Dec 06 2020 20:08:16 GMT-0800 (Pacific Standard Time),Mon Dec 07 2020 20:08:16 GMT-0800 (Pacific Standard Time)
2,1,2,940,28,Tue Dec 08 2020 20:08:16 GMT-0800 (Pacific Standard Time),Fri Dec 11 2020 20:08:16 GMT-0800 (Pacific Standard Time)
1,2,2,64,91,Sat Dec 12 2020 20:08:16 GMT-0800 (Pacific Standard Time),Sat Dec 12 2020 20:08:16 GMT-0800 (Pacific Standard Time)
1,2,2,1232,0,Sun Dec 13 2020 20:08:16 GMT-0800 (Pacific Standard Time),Thu Dec 17 2020 20:08:16 GMT-0800 (Pacific Standard Time)
1,1,2,64,63,Fri Dec 18 2020 20:08:16 GMT-0800 (Pacific Standard Time),Fri Dec 18 2020 20:08:16 GMT-0800 (Pacific Standard Time)
1,1,1,1524,96,Sat Dec 19 2020 20:08:16 GMT-0800 (Pacific Standard Time),Thu Dec 24 2020 20:08:16 GMT-0800 (Pacific Standard Time)
1,2,2,930,64,Fri Dec 04 2020 20:08:16 GMT-0800 (Pacific Standard Time),Thu Dec 10 2020 20:08:16 GMT-0800 (Pacific Standard Time)
3,2,2,930,99,Fri Dec 11 2020 20:08:16 GMT-0800 (Pacific Standard Time),Thu Dec 17 2020 20:08:16 GMT-0800 (Pacific Standard Time)
3,2,2,492,65,Fri Dec 18 2020 20:08:16 GMT-0800 (Pacific Standard Time),Mon Dec 21 2020 20:08:16 GMT-0800 (Pacific Standard Time)
2,2,2,638,93,Tue Dec 22 2020 20:08:16 GMT-0800 (Pacific Standard Time),Sat Dec 26 2020 20:08:16 GMT-0800 (Pacific Standard Time)
1,2,1,54,90,Sun Dec 27 2020 20:08:16 GMT-0800 (Pacific Standard Time),Sun Dec 27 2020 20:08:16 GMT-0800 (Pacific Standard Time)
3,1,1,346,46,Mon Dec 28 2020 20:08:16 GMT-0800 (Pacific Standard Time),Wed Dec 30 2020 20:08:16 GMT-0800 (Pacific Standard Time)
2,2,2,638,93,Thu Dec 31 2020 20:08:16 GMT-0800 (Pacific Standard Time),Mon Jan 04 2021 20:08:16 GMT-0800 (Pacific Standard Time)
2,2,2,625,97,Fri Dec 04 2020 20:08:16 GMT-0800 (Pacific Standard Time),Mon Dec 07 2020 20:08:16 GMT-0800 (Pacific Standard Time)
2,1,1,433,9,Tue Dec 08 2020 20:08:16 GMT-0800 (Pacific Standard Time),Thu Dec 10 2020 20:08:16 GMT-0800 (Pacific Standard Time)
1,2,1,1009,55,Fri Dec 11 2020 20:08:16 GMT-0800 (Pacific Standard Time),Wed Dec 16 2020 20:08:16 GMT-0800 (Pacific Standard Time)
1,2,1,49,28,Thu Dec 17 2020 20:08:16 GMT-0800 (Pacific Standard Time),Thu Dec 17 2020 20:08:16 GMT-0800 (Pacific Standard Time)
3,1,1,49,21,Fri Dec 18 2020 20:08:16 GMT-0800 (Pacific Standard Time),Fri Dec 18 2020 20:08:16 GMT-0800 (Pacific Standard Time)
3,2,1,49,11,Sat Dec 19 2020 20:08:16 GMT-0800 (Pacific Standard Time),Sat Dec 19 2020 20:08:16 GMT-0800 (Pacific Standard Time)
2,2,1,625,67,Sun Dec 20 2020 20:08:16 GMT-0800 (Pacific Standard Time),Wed Dec 23 2020 20:08:16 GMT-0800 (Pacific Standard Time)
2,1,2,544,16,Fri Dec 04 2020 20:08:16 GMT-0800 (Pacific Standard Time),Mon Dec 07 2020 20:08:16 GMT-0800 (Pacific Standard Time)
3,2,1,194,55,Tue Dec 08 2020 20:08:16 GMT-0800 (Pacific Standard Time),Wed Dec 09 2020 20:08:16 GMT-0800 (Pacific Standard Time)
1,2,1,719,60,Thu Dec 10 2020 20:08:16 GMT-0800 (Pacific Standard Time),Mon Dec 14 2020 20:08:16 GMT-0800 (Pacific Standard Time)
3,1,1,19,45,Tue Dec 15 2020 20:08:16 GMT-0800 (Pacific Standard Time),Tue Dec 15 2020 20:08:16 GMT-0800 (Pacific Standard Time)
1,1,2,719,32,Wed Dec 16 2020 20:08:16 GMT-0800 (Pacific Standard Time),Sun Dec 20 2020 20:08:16 GMT-0800 (Pacific Standard Time)
2,1,1,894,75,Mon Dec 21 2020 20:08:16 GMT-0800 (Pacific Standard Time),Sat Dec 26 2020 20:08:16 GMT-0800 (Pacific Standard Time)
3,1,1,894,86,Sun Dec 27 2020 20:08:16 GMT-0800 (Pacific Standard Time),Fri Jan 01 2021 20:08:16 GMT-0800 (Pacific Standard Time)
2,2,2,102,58,Fri Dec 04 2020 20:08:16 GMT-0800 (Pacific Standard Time),Sat Dec 05 2020 20:08:16 GMT-0800 (Pacific Standard Time)
1,2,2,164,27,Sun Dec 06 2020 20:08:16 GMT-0800 (Pacific Standard Time),Tue Dec 08 2020 20:08:16 GMT-0800 (Pacific Standard Time)
2,1,1,164,3,Wed Dec 09 2020 20:08:16 GMT-0800 (Pacific Standard Time),Fri Dec 11 2020 20:08:16 GMT-0800 (Pacific Standard Time)
2,2,2,226,12,Sat Dec 12 2020 20:08:16 GMT-0800 (Pacific Standard Time),Tue Dec 15 2020 20:08:16 GMT-0800 (Pacific Standard Time)
1,1,2,164,50,Wed Dec 16 2020 20:08:16 GMT-0800 (Pacific Standard Time),Fri Dec 18 2020 20:08:16 GMT-0800 (Pacific Standard Time)
3,1,2,102,31,Sat Dec 19 2020 20:08:16 GMT-0800 (Pacific Standard Time),Sun Dec 20 2020 20:08:16 GMT-0800 (Pacific Standard Time)
3,2,2,350,7,Mon Dec 21 2020 20:08:16 GMT-0800 (Pacific Standard Time),Sat Dec 26 2020 20:08:16 GMT-0800 (Pacific Standard Time)
1,2,2,28,56,Fri Dec 04 2020 20:08:16 GMT-0800 (Pacific Standard Time),Fri Dec 04 2020 20:08:16 GMT-0800 (Pacific Standard Time)
3,2,1,1153,87,Sat Dec 05 2020 20:08:16 GMT-0800 (Pacific Standard Time),Thu Dec 10 2020 20:08:16 GMT-0800 (Pacific Standard Time)
2,2,1,253,36,Fri Dec 11 2020 20:08:16 GMT-0800 (Pacific Standard Time),Sat Dec 12 2020 20:08:16 GMT-0800 (Pacific Standard Time)
3,2,2,1153,7,Sun Dec 13 2020 20:08:16 GMT-0800 (Pacific Standard Time),Fri Dec 18 2020 20:08:16 GMT-0800 (Pacific Standard Time)
3,2,2,1378,78,Sat Dec 19 2020 20:08:16 GMT-0800 (Pacific Standard Time),Fri Dec 25 2020 20:08:16 GMT-0800 (Pacific Standard Time)
2,1,1,703,94,Sat Dec 26 2020 20:08:16 GMT-0800 (Pacific Standard Time),Tue Dec 29 2020 20:08:16 GMT-0800 (Pacific Standard Time)
1,1,2,1153,57,Wed Dec 30 2020 20:08:16 GMT-0800 (Pacific Standard Time),Mon Jan 04 2021 20:08:16 GMT-0800 (Pacific Standard Time)
3,2,2,327,10,Fri Dec 04 2020 20:08:16 GMT-0800 (Pacific Standard Time),Sat Dec 05 2020 20:08:16 GMT-0800 (Pacific Standard Time)
2,2,2,583,50,Sun Dec 06 2020 20:08:16 GMT-0800 (Pacific Standard Time),Tue Dec 08 2020 20:08:16 GMT-0800 (Pacific Standard Time)
2,2,1,1607,67,Wed Dec 09 2020 20:08:16 GMT-0800 (Pacific Standard Time),Tue Dec 15 2020 20:08:16 GMT-0800 (Pacific Standard Time)
3,1,2,327,98,Wed Dec 16 2020 20:08:16 GMT-0800 (Pacific Standard Time),Thu Dec 17 2020 20:08:16 GMT-0800 (Pacific Standard Time)
3,2,2,583,37,Fri Dec 18 2020 20:08:16 GMT-0800 (Pacific Standard Time),Sun Dec 20 2020 20:08:16 GMT-0800 (Pacific Standard Time)
2,1,1,583,53,Mon Dec 21 2020 20:08:16 GMT-0800 (Pacific Standard Time),Wed Dec 23 2020 20:08:16 GMT-0800 (Pacific Standard Time)
2,2,1,839,38,Thu Dec 24 2020 20:08:16 GMT-0800 (Pacific Standard Time),Sun Dec 27 2020 20:08:16 GMT-0800 (Pacific Standard Time)
1,2,1,1035,61,Fri Dec 04 2020 20:08:16 GMT-0800 (Pacific Standard Time),Tue Dec 08 2020 20:08:16 GMT-0800 (Pacific Standard Time)
1,1,2,1529,85,Wed Dec 09 2020 20:08:16 GMT-0800 (Pacific Standard Time),Tue Dec 15 2020 20:08:16 GMT-0800 (Pacific Standard Time)
1,2,2,47,99,Wed Dec 16 2020 20:08:16 GMT-0800 (Pacific Standard Time),Wed Dec 16 2020 20:08:16 GMT-0800 (Pacific Standard Time)
1,2,2,1282,29,Thu Dec 17 2020 20:08:16 GMT-0800 (Pacific Standard Time),Tue Dec 22 2020 20:08:16 GMT-0800 (Pacific Standard Time)
3,2,1,1282,81,Wed Dec 23 2020 20:08:16 GMT-0800 (Pacific Standard Time),Mon Dec 28 2020 20:08:16 GMT-0800 (Pacific Standard Time)
1,1,2,1035,35,Tue Dec 29 2020 20:08:16 GMT-0800 (Pacific Standard Time),Sat Jan 02 2021 20:08:16 GMT-0800 (Pacific Standard Time)
3,1,2,541,21,Sun Jan 03 2021 20:08:16 GMT-0800 (Pacific Standard Time),Tue Jan 05 2021 20:08:16 GMT-0800 (Pacific Standard Time)
2,1,1,741,46,Fri Dec 04 2020 20:08:16 GMT-0800 (Pacific Standard Time),Mon Dec 07 2020 20:08:16 GMT-0800 (Pacific Standard Time)
3,2,1,509,37,Tue Dec 08 2020 20:08:16 GMT-0800 (Pacific Standard Time),Thu Dec 10 2020 20:08:16 GMT-0800 (Pacific Standard Time)
1,1,2,741,3,Fri Dec 11 2020 20:08:16 GMT-0800 (Pacific Standard Time),Mon Dec 14 2020 20:08:16 GMT-0800 (Pacific Standard Time)
1,2,2,1437,25,Tue Dec 15 2020 20:08:16 GMT-0800 (Pacific Standard Time),Mon Dec 21 2020 20:08:16 GMT-0800 (Pacific Standard Time)
3,1,1,1205,83,Tue Dec 22 2020 20:08:16 GMT-0800 (Pacific Standard Time),Sun Dec 27 2020 20:08:16 GMT-0800 (Pacific Standard Time)
1,2,1,45,60,Mon Dec 28 2020 20:08:16 GMT-0800 (Pacific Standard Time),Mon Dec 28 2020 20:08:16 GMT-0800 (Pacific Standard Time)
1,1,2,277,95,Tue Dec 29 2020 20:08:16 GMT-0800 (Pacific Standard Time),Wed Dec 30 2020 20:08:16 GMT-0800 (Pacific Standard Time)
1,2,1,940,43,Fri Dec 04 2020 20:08:16 GMT-0800 (Pacific Standard Time),Tue Dec 08 2020 20:08:16 GMT-0800 (Pacific Standard Time)
1,1,2,262,72,Wed Dec 09 2020 20:08:16 GMT-0800 (Pacific Standard Time),Thu Dec 10 2020 20:08:16 GMT-0800 (Pacific Standard Time)
3,1,1,1392,63,Fri Dec 11 2020 20:08:16 GMT-0800 (Pacific Standard Time),Thu Dec 17 2020 20:08:16 GMT-0800 (Pacific Standard Time)
3,2,1,714,36,Fri Dec 18 2020 20:08:16 GMT-0800 (Pacific Standard Time),Mon Dec 21 2020 20:08:16 GMT-0800 (Pacific Standard Time)
2,2,1,1392,95,Tue Dec 22 2020 20:08:16 GMT-0800 (Pacific Standard Time),Mon Dec 28 2020 20:08:16 GMT-0800 (Pacific Standard Time)
3,1,2,36,90,Tue Dec 29 2020 20:08:16 GMT-0800 (Pacific Standard Time),Tue Dec 29 2020 20:08:16 GMT-0800 (Pacific Standard Time)
1,2,2,36,92,Wed Dec 30 2020 20:08:16 GMT-0800 (Pacific Standard Time),Wed Dec 30 2020 20:08:16 GMT-0800 (Pacific Standard Time)
1,2,1,59,14,Fri Dec 04 2020 20:08:16 GMT-0800 (Pacific Standard Time),Fri Dec 04 2020 20:08:16 GMT-0800 (Pacific Standard Time)
2,2,2,1464,77,Sat Dec 05 2020 20:08:16 GMT-0800 (Pacific Standard Time),Thu Dec 10 2020 20:08:16 GMT-0800 (Pacific Standard Time)
3,2,1,1183,26,Fri Dec 11 2020 20:08:16 GMT-0800 (Pacific Standard Time),Tue Dec 15 2020 20:08:16 GMT-0800 (Pacific Standard Time)
2,1,2,621,4,Wed Dec 16 2020 20:08:16 GMT-0800 (Pacific Standard Time),Fri Dec 18 2020 20:08:16 GMT-0800 (Pacific Standard Time)
1,2,1,59,39,Sat Dec 19 2020 20:08:16 GMT-0800 (Pacific Standard Time),Sat Dec 19 2020 20:08:16 GMT-0800 (Pacific Standard Time)
3,2,2,1745,91,Sun Dec 20 2020 20:08:16 GMT-0800 (Pacific Standard Time),Sat Dec 26 2020 20:08:16 GMT-0800 (Pacific Standard Time)
3,1,2,902,86,Sun Dec 27 2020 20:08:16 GMT-0800 (Pacific Standard Time),Wed Dec 30 2020 20:08:16 GMT-0800 (Pacific Standard Time)
3,2,2,51,44,Fri Dec 04 2020 20:08:16 GMT-0800 (Pacific Standard Time),Fri Dec 04 2020 20:08:16 GMT-0800 (Pacific Standard Time)
1,1,2,969,86,Sat Dec 05 2020 20:08:16 GMT-0800 (Pacific Standard Time),Fri Dec 11 2020 20:08:16 GMT-0800 (Pacific Standard Time)
3,1,2,969,29,Sat Dec 12 2020 20:08:16 GMT-0800 (Pacific Standard Time),Fri Dec 18 2020 20:08:16 GMT-0800 (Pacific Standard Time)
2,2,2,51,65,Sat Dec 19 2020 20:08:16 GMT-0800 (Pacific Standard Time),Sat Dec 19 2020 20:08:16 GMT-0800 (Pacific Standard Time)
1,2,2,969,21,Sun Dec 20 2020 20:08:16 GMT-0800 (Pacific Standard Time),Sat Dec 26 2020 20:08:16 GMT-0800 (Pacific Standard Time)
3,2,1,969,0,Sun Dec 27 2020 20:08:16 GMT-0800 (Pacific Standard Time),Sat Jan 02 2021 20:08:16 GMT-0800 (Pacific Standard Time)
1,2,2,357,60,Sun Jan 03 2021 20:08:16 GMT-0800 (Pacific Standard Time),Tue Jan 05 2021 20:08:16 GMT-0800 (Pacific Standard Time)
1,2,1,146,46,Fri Dec 04 2020 20:08:16 GMT-0800 (Pacific Standard Time),Wed Dec 09 2020 20:08:16 GMT-0800 (Pacific Standard Time)
2,1,2,166,12,Thu Dec 10 2020 20:08:16 GMT-0800 (Pacific Standard Time),Wed Dec 16 2020 20:08:16 GMT-0800 (Pacific Standard Time)
3,1,2,146,33,Thu Dec 17 2020 20:08:16 GMT-0800 (Pacific Standard Time),Tue Dec 22 2020 20:08:16 GMT-0800 (Pacific Standard Time)
1,2,2,46,27,Wed Dec 23 2020 20:08:16 GMT-0800 (Pacific Standard Time),Wed Dec 23 2020 20:08:16 GMT-0800 (Pacific Standard Time)
3,2,1,106,44,Thu Dec 24 2020 20:08:16 GMT-0800 (Pacific Standard Time),Sun Dec 27 2020 20:08:16 GMT-0800 (Pacific Standard Time)
1,1,2,126,95,Mon Dec 28 2020 20:08:16 GMT-0800 (Pacific Standard Time),Fri Jan 01 2021 20:08:16 GMT-0800 (Pacific Standard Time)
3,1,2,66,52,Sat Jan 02 2021 20:08:16 GMT-0800 (Pacific Standard Time),Sun Jan 03 2021 20:08:16 GMT-0800 (Pacific Standard Time)
2,1,1,212,46,Fri Dec 04 2020 20:08:16 GMT-0800 (Pacific Standard Time),Sat Dec 05 2020 20:08:16 GMT-0800 (Pacific Standard Time)
2,1,2,732,97,Sun Dec 06 2020 20:08:16 GMT-0800 (Pacific Standard Time),Fri Dec 11 2020 20:08:16 GMT-0800 (Pacific Standard Time)
3,1,2,862,55,Sat Dec 12 2020 20:08:16 GMT-0800 (Pacific Standard Time),Fri Dec 18 2020 20:08:16 GMT-0800 (Pacific Standard Time)
1,1,2,732,59,Sat Dec 19 2020 20:08:16 GMT-0800 (Pacific Standard Time),Thu Dec 24 2020 20:08:16 GMT-0800 (Pacific Standard Time)
3,1,1,342,42,Fri Dec 25 2020 20:08:16 GMT-0800 (Pacific Standard Time),Sun Dec 27 2020 20:08:16 GMT-0800 (Pacific Standard Time)
3,2,1,82,40,Mon Dec 28 2020 20:08:16 GMT-0800 (Pacific Standard Time),Mon Dec 28 2020 20:08:16 GMT-0800 (Pacific Standard Time)
2,1,2,212,29,Tue Dec 29 2020 20:08:16 GMT-0800 (Pacific Standard Time),Wed Dec 30 2020 20:08:16 GMT-0800 (Pacific Standard Time)
23,2,1,257,98,Thu Dec 10 2020 20:08:16 GMT-0800 (Pacific Standard Time),Fri Dec 11 2020 20:08:16 GMT-0800 (Pacific Standard Time)
2,1,2,1065,45,Sat Dec 12 2020 20:08:16 GMT-0800 (Pacific Standard Time),Thu Dec 17 2020 20:08:16 GMT-0800 (Pacific Standard Time)
2,1,2,55,35,Fri Dec 18 2020 20:08:16 GMT-0800 (Pacific Standard Time),Fri Dec 18 2020 20:08:16 GMT-0800 (Pacific Standard Time)
1,2,1,1267,94,Sat Dec 19 2020 20:08:16 GMT-0800 (Pacific Standard Time),Fri Dec 25 2020 20:08:16 GMT-0800 (Pacific Standard Time)
1,2,2,1065,64,Sat Dec 26 2020 20:08:16 GMT-0800 (Pacific Standard Time),Thu Dec 31 2020 20:08:16 GMT-0800 (Pacific Standard Time)
3,1,2,1267,17,Fri Jan 01 2021 20:08:16 GMT-0800 (Pacific Standard Time),Thu Jan 07 2021 20:08:16 GMT-0800 (Pacific Standard Time)
3,1,1,613,29,Fri Dec 04 2020 20:08:16 GMT-0800 (Pacific Standard Time),Sun Dec 06 2020 20:08:16 GMT-0800 (Pacific Standard Time)
1,2,1,343,0,Mon Dec 07 2020 20:08:16 GMT-0800 (Pacific Standard Time),Tue Dec 08 2020 20:08:16 GMT-0800 (Pacific Standard Time)
3,1,1,1693,67,Wed Dec 09 2020 20:08:16 GMT-0800 (Pacific Standard Time),Tue Dec 15 2020 20:08:16 GMT-0800 (Pacific Standard Time)
3,2,1,1423,11,Wed Dec 16 2020 20:08:16 GMT-0800 (Pacific Standard Time),Mon Dec 21 2020 20:08:16 GMT-0800 (Pacific Standard Time)
2,1,1,1153,63,Tue Dec 22 2020 20:08:16 GMT-0800 (Pacific Standard Time),Sat Dec 26 2020 20:08:16 GMT-0800 (Pacific Standard Time)
3,1,1,1153,85,Sun Dec 27 2020 20:08:16 GMT-0800 (Pacific Standard Time),Thu Dec 31 2020 20:08:16 GMT-0800 (Pacific Standard Time)
2,1,2,343,60,Fri Jan 01 2021 20:08:16 GMT-0800 (Pacific Standard Time),Sat Jan 02 2021 20:08:16 GMT-0800 (Pacific Standard Time)
1,1,1,924,4,Fri Dec 04 2020 20:08:16 GMT-0800 (Pacific Standard Time),Tue Dec 08 2020 20:08:16 GMT-0800 (Pacific Standard Time)
1,2,1,1368,19,Wed Dec 09 2020 20:08:16 GMT-0800 (Pacific Standard Time),Tue Dec 15 2020 20:08:16 GMT-0800 (Pacific Standard Time)
3,1,2,702,80,Wed Dec 16 2020 20:08:16 GMT-0800 (Pacific Standard Time),Sat Dec 19 2020 20:08:16 GMT-0800 (Pacific Standard Time)
3,1,2,480,36,Sun Dec 20 2020 20:08:16 GMT-0800 (Pacific Standard Time),Tue Dec 22 2020 20:08:16 GMT-0800 (Pacific Standard Time)
3,2,2,1368,80,Wed Dec 23 2020 20:08:16 GMT-0800 (Pacific Standard Time),Tue Dec 29 2020 20:08:16 GMT-0800 (Pacific Standard Time)
1,2,2,702,81,Wed Dec 30 2020 20:08:16 GMT-0800 (Pacific Standard Time),Sat Jan 02 2021 20:08:16 GMT-0800 (Pacific Standard Time)
3,2,2,36,11,Sun Jan 03 2021 20:08:16 GMT-0800 (Pacific Standard Time),Sun Jan 03 2021 20:08:16 GMT-0800 (Pacific Standard Time)
2,1,2,244,80,Fri Dec 04 2020 20:08:16 GMT-0800 (Pacific Standard Time),Sat Dec 05 2020 20:08:16 GMT-0800 (Pacific Standard Time)
1,1,1,658,80,Sun Dec 06 2020 20:08:16 GMT-0800 (Pacific Standard Time),Wed Dec 09 2020 20:08:16 GMT-0800 (Pacific Standard Time)
2,1,2,658,35,Thu Dec 10 2020 20:08:16 GMT-0800 (Pacific Standard Time),Sun Dec 13 2020 20:08:16 GMT-0800 (Pacific Standard Time)
1,1,2,658,93,Mon Dec 14 2020 20:08:16 GMT-0800 (Pacific Standard Time),Thu Dec 17 2020 20:08:16 GMT-0800 (Pacific Standard Time)
3,1,1,451,54,Fri Dec 18 2020 20:08:16 GMT-0800 (Pacific Standard Time),Sun Dec 20 2020 20:08:16 GMT-0800 (Pacific Standard Time)
1,2,2,244,98,Mon Dec 21 2020 20:08:16 GMT-0800 (Pacific Standard Time),Tue Dec 22 2020 20:08:16 GMT-0800 (Pacific Standard Time)
2,2,2,865,69,Wed Dec 23 2020 20:08:16 GMT-0800 (Pacific Standard Time),Sun Dec 27 2020 20:08:16 GMT-0800 (Pacific Standard Time)
3,1,1,963,19,Fri Dec 04 2020 20:08:16 GMT-0800 (Pacific Standard Time),Wed Dec 09 2020 20:08:16 GMT-0800 (Pacific Standard Time)
1,1,1,43,2,Thu Dec 10 2020 20:08:16 GMT-0800 (Pacific Standard Time),Thu Dec 10 2020 20:08:16 GMT-0800 (Pacific Standard Time)
1,1,1,227,95,Fri Dec 11 2020 20:08:16 GMT-0800 (Pacific Standard Time),Sat Dec 12 2020 20:08:16 GMT-0800 (Pacific Standard Time)
2,1,2,43,3,Sun Dec 13 2020 20:08:16 GMT-0800 (Pacific Standard Time),Sun Dec 13 2020 20:08:16 GMT-0800 (Pacific Standard Time)
2,2,1,227,72,Mon Dec 14 2020 20:08:16 GMT-0800 (Pacific Standard Time),Tue Dec 15 2020 20:08:16 GMT-0800 (Pacific Standard Time)
1,1,1,595,42,Wed Dec 16 2020 20:08:16 GMT-0800 (Pacific Standard Time),Sat Dec 19 2020 20:08:16 GMT-0800 (Pacific Standard Time)
1,2,1,1147,47,Sun Dec 20 2020 20:08:16 GMT-0800 (Pacific Standard Time),Sat Dec 26 2020 20:08:16 GMT-0800 (Pacific Standard Time)
2,2,1,266,32,Fri Dec 04 2020 20:08:16 GMT-0800 (Pacific Standard Time),Tue Dec 08 2020 20:08:16 GMT-0800 (Pacific Standard Time)
3,2,1,266,42,Wed Dec 09 2020 20:08:16 GMT-0800 (Pacific Standard Time),Sun Dec 13 2020 20:08:16 GMT-0800 (Pacific Standard Time)
3,1,1,78,88,Mon Dec 14 2020 20:08:16 GMT-0800 (Pacific Standard Time),Mon Dec 14 2020 20:08:16 GMT-0800 (Pacific Standard Time)
3,1,1,125,32,Tue Dec 15 2020 20:08:16 GMT-0800 (Pacific Standard Time),Wed Dec 16 2020 20:08:16 GMT-0800 (Pacific Standard Time)
3,2,2,266,42,Thu Dec 17 2020 20:08:16 GMT-0800 (Pacific Standard Time),Mon Dec 21 2020 20:08:16 GMT-0800 (Pacific Standard Time)
3,2,1,172,54,Tue Dec 22 2020 20:08:16 GMT-0800 (Pacific Standard Time),Thu Dec 24 2020 20:08:16 GMT-0800 (Pacific Standard Time)
1,2,1,125,74,Fri Dec 25 2020 20:08:16 GMT-0800 (Pacific Standard Time),Sat Dec 26 2020 20:08:16 GMT-0800 (Pacific Standard Time)
2,1,1,294,86,Fri Dec 04 2020 20:08:16 GMT-0800 (Pacific Standard Time),Thu Dec 10 2020 20:08:16 GMT-0800 (Pacific Standard Time)
1,2,2,69,11,Fri Dec 11 2020 20:08:16 GMT-0800 (Pacific Standard Time),Sat Dec 12 2020 20:08:16 GMT-0800 (Pacific Standard Time)
1,2,2,159,24,Sun Dec 13 2020 20:08:16 GMT-0800 (Pacific Standard Time),Wed Dec 16 2020 20:08:16 GMT-0800 (Pacific Standard Time)
1,1,1,114,71,Thu Dec 17 2020 20:08:16 GMT-0800 (Pacific Standard Time),Sat Dec 19 2020 20:08:16 GMT-0800 (Pacific Standard Time)
2,2,2,294,55,Sun Dec 20 2020 20:08:16 GMT-0800 (Pacific Standard Time),Sat Dec 26 2020 20:08:16 GMT-0800 (Pacific Standard Time)
1,2,1,24,86,Sun Dec 27 2020 20:08:16 GMT-0800 (Pacific Standard Time),Sun Dec 27 2020 20:08:16 GMT-0800 (Pacific Standard Time)
2,2,2,114,12,Mon Dec 28 2020 20:08:16 GMT-0800 (Pacific Standard Time),Wed Dec 30 2020 20:08:16 GMT-0800 (Pacific Standard Time)
2,2,1,1027,96,Fri Dec 04 2020 20:08:16 GMT-0800 (Pacific Standard Time),Wed Dec 09 2020 20:08:16 GMT-0800 (Pacific Standard Time)
3,2,2,239,58,Thu Dec 10 2020 20:08:16 GMT-0800 (Pacific Standard Time),Fri Dec 11 2020 20:08:16 GMT-0800 (Pacific Standard Time)
3,2,1,42,51,Sat Dec 12 2020 20:08:16 GMT-0800 (Pacific Standard Time),Sat Dec 12 2020 20:08:16 GMT-0800 (Pacific Standard Time)
3,2,2,1027,9,Sun Dec 13 2020 20:08:16 GMT-0800 (Pacific Standard Time),Fri Dec 18 2020 20:08:16 GMT-0800 (Pacific Standard Time)
3,1,2,436,54,Sat Dec 19 2020 20:08:16 GMT-0800 (Pacific Standard Time),Mon Dec 21 2020 20:08:16 GMT-0800 (Pacific Standard Time)
2,1,1,239,65,Tue Dec 22 2020 20:08:16 GMT-0800 (Pacific Standard Time),Wed Dec 23 2020 20:08:16 GMT-0800 (Pacific Standard Time)
3,1,2,633,97,Thu Dec 24 2020 20:08:16 GMT-0800 (Pacific Standard Time),Sun Dec 27 2020 20:08:16 GMT-0800 (Pacific Standard Time)
1,1,1,634,9,Fri Dec 04 2020 20:08:16 GMT-0800 (Pacific Standard Time),Tue Dec 08 2020 20:08:16 GMT-0800 (Pacific Standard Time)
2,1,2,942,39,Wed Dec 09 2020 20:08:16 GMT-0800 (Pacific Standard Time),Tue Dec 15 2020 20:08:16 GMT-0800 (Pacific Standard Time)
1,1,2,942,86,Wed Dec 16 2020 20:08:16 GMT-0800 (Pacific Standard Time),Tue Dec 22 2020 20:08:16 GMT-0800 (Pacific Standard Time)
1,2,1,788,59,Wed Dec 23 2020 20:08:16 GMT-0800 (Pacific Standard Time),Mon Dec 28 2020 20:08:16 GMT-0800 (Pacific Standard Time)
3,1,2,172,8,Tue Dec 29 2020 20:08:16 GMT-0800 (Pacific Standard Time),Wed Dec 30 2020 20:08:16 GMT-0800 (Pacific Standard Time)
1,2,1,634,27,Thu Dec 31 2020 20:08:16 GMT-0800 (Pacific Standard Time),Mon Jan 04 2021 20:08:16 GMT-0800 (Pacific Standard Time)
1,2,1,788,20,Tue Jan 05 2021 20:08:16 GMT-0800 (Pacific Standard Time),Sun Jan 10 2021 20:08:16 GMT-0800 (Pacific Standard Time)
3,2,1,489,16,Fri Dec 04 2020 20:08:16 GMT-0800 (Pacific Standard Time),Sun Dec 06 2020 20:08:16 GMT-0800 (Pacific Standard Time)
2,2,1,711,72,Mon Dec 07 2020 20:08:16 GMT-0800 (Pacific Standard Time),Thu Dec 10 2020 20:08:16 GMT-0800 (Pacific Standard Time)
1,2,1,711,36,Fri Dec 11 2020 20:08:16 GMT-0800 (Pacific Standard Time),Mon Dec 14 2020 20:08:16 GMT-0800 (Pacific Standard Time)
2,1,1,1377,82,Tue Dec 15 2020 20:08:16 GMT-0800 (Pacific Standard Time),Mon Dec 21 2020 20:08:16 GMT-0800 (Pacific Standard Time)
3,1,1,45,63,Tue Dec 22 2020 20:08:16 GMT-0800 (Pacific Standard Time),Tue Dec 22 2020 20:08:16 GMT-0800 (Pacific Standard Time)
2,2,2,1377,37,Wed Dec 23 2020 20:08:16 GMT-0800 (Pacific Standard Time),Tue Dec 29 2020 20:08:16 GMT-0800 (Pacific Standard Time)
3,1,1,711,52,Wed Dec 30 2020 20:08:16 GMT-0800 (Pacific Standard Time),Sat Jan 02 2021 20:08:16 GMT-0800 (Pacific Standard Time)
3,1,1,39,93,Fri Dec 04 2020 20:08:16 GMT-0800 (Pacific Standard Time),Thu Dec 10 2020 20:08:16 GMT-0800 (Pacific Standard Time)
1,2,2,39,37,Fri Dec 11 2020 20:08:16 GMT-0800 (Pacific Standard Time),Sun Dec 13 2020 20:08:16 GMT-0800 (Pacific Standard Time)
2,1,2,39,12,Mon Dec 14 2020 20:08:16 GMT-0800 (Pacific Standard Time),Mon Dec 14 2020 20:08:16 GMT-0800 (Pacific Standard Time)
2,2,1,39,98,Tue Dec 15 2020 20:08:16 GMT-0800 (Pacific Standard Time),Sun Dec 20 2020 20:08:16 GMT-0800 (Pacific Standard Time)
1,1,2,39,38,Mon Dec 21 2020 20:08:16 GMT-0800 (Pacific Standard Time),Mon Dec 21 2020 20:08:16 GMT-0800 (Pacific Standard Time)
1,1,2,39,14,Tue Dec 22 2020 20:08:16 GMT-0800 (Pacific Standard Time),Fri Dec 25 2020 20:08:16 GMT-0800 (Pacific Standard Time)
3,1,1,39,16,Sat Dec 26 2020 20:08:16 GMT-0800 (Pacific Standard Time),Sat Dec 26 2020 20:08:16 GMT-0800 (Pacific Standard Time)
1,1,1,380,25,Fri Dec 04 2020 20:08:16 GMT-0800 (Pacific Standard Time),Tue Dec 08 2020 20:08:16 GMT-0800 (Pacific Standard Time)
2,1,1,564,86,Wed Dec 09 2020 20:08:16 GMT-0800 (Pacific Standard Time),Tue Dec 15 2020 20:08:16 GMT-0800 (Pacific Standard Time)
3,1,1,380,10,Wed Dec 16 2020 20:08:16 GMT-0800 (Pacific Standard Time),Sun Dec 20 2020 20:08:16 GMT-0800 (Pacific Standard Time)
1,1,2,196,94,Mon Dec 21 2020 20:08:16 GMT-0800 (Pacific Standard Time),Wed Dec 23 2020 20:08:16 GMT-0800 (Pacific Standard Time)
1,1,1,472,38,Thu Dec 24 2020 20:08:16 GMT-0800 (Pacific Standard Time),Tue Dec 29 2020 20:08:16 GMT-0800 (Pacific Standard Time)
1,1,1,472,94,Wed Dec 30 2020 20:08:16 GMT-0800 (Pacific Standard Time),Mon Jan 04 2021 20:08:16 GMT-0800 (Pacific Standard Time)
1,2,1,12,21,Tue Jan 05 2021 20:08:16 GMT-0800 (Pacific Standard Time),Tue Jan 05 2021 20:08:16 GMT-0800 (Pacific Standard Time)
1,1,2,399,68,Fri Dec 04 2020 20:08:16 GMT-0800 (Pacific Standard Time),Sun Dec 06 2020 20:08:16 GMT-0800 (Pacific Standard Time)
2,1,1,858,50,Mon Dec 07 2020 20:08:16 GMT-0800 (Pacific Standard Time),Sat Dec 12 2020 20:08:16 GMT-0800 (Pacific Standard Time)
3,1,2,1011,1,Sun Dec 13 2020 20:08:16 GMT-0800 (Pacific Standard Time),Sat Dec 19 2020 20:08:16 GMT-0800 (Pacific Standard Time)
3,2,1,1011,11,Sun Dec 20 2020 20:08:16 GMT-0800 (Pacific Standard Time),Sat Dec 26 2020 20:08:16 GMT-0800 (Pacific Standard Time)
3,2,2,552,11,Sun Dec 27 2020 20:08:16 GMT-0800 (Pacific Standard Time),Wed Dec 30 2020 20:08:16 GMT-0800 (Pacific Standard Time)
2,2,1,246,92,Thu Dec 31 2020 20:08:16 GMT-0800 (Pacific Standard Time),Fri Jan 01 2021 20:08:16 GMT-0800 (Pacific Standard Time)
2,2,2,552,22,Sat Jan 02 2021 20:08:16 GMT-0800 (Pacific Standard Time),Tue Jan 05 2021 20:08:16 GMT-0800 (Pacific Standard Time)
3,1,1,43,14,Fri Dec 04 2020 20:08:16 GMT-0800 (Pacific Standard Time),Fri Dec 04 2020 20:08:16 GMT-0800 (Pacific Standard Time)
1,1,1,1039,3,Sat Dec 05 2020 20:08:16 GMT-0800 (Pacific Standard Time),Fri Dec 11 2020 20:08:16 GMT-0800 (Pacific Standard Time)
1,1,2,43,56,Sat Dec 12 2020 20:08:16 GMT-0800 (Pacific Standard Time),Sat Dec 12 2020 20:08:16 GMT-0800 (Pacific Standard Time)
2,2,1,707,58,Sun Dec 13 2020 20:08:16 GMT-0800 (Pacific Standard Time),Thu Dec 17 2020 20:08:16 GMT-0800 (Pacific Standard Time)
2,2,1,375,11,Fri Dec 18 2020 20:08:16 GMT-0800 (Pacific Standard Time),Sun Dec 20 2020 20:08:16 GMT-0800 (Pacific Standard Time)
3,2,1,209,48,Mon Dec 21 2020 20:08:16 GMT-0800 (Pacific Standard Time),Tue Dec 22 2020 20:08:16 GMT-0800 (Pacific Standard Time)
1,1,2,43,74,Wed Dec 23 2020 20:08:16 GMT-0800 (Pacific Standard Time),Wed Dec 23 2020 20:08:16 GMT-0800 (Pacific Standard Time)
2,2,2,207,49,Fri Dec 04 2020 20:08:16 GMT-0800 (Pacific Standard Time),Thu Dec 10 2020 20:08:16 GMT-0800 (Pacific Standard Time)
1,1,2,63,50,Fri Dec 11 2020 20:08:16 GMT-0800 (Pacific Standard Time),Fri Dec 11 2020 20:08:16 GMT-0800 (Pacific Standard Time)
3,2,1,207,60,Sat Dec 12 2020 20:08:16 GMT-0800 (Pacific Standard Time),Fri Dec 18 2020 20:08:16 GMT-0800 (Pacific Standard Time)
2,2,1,63,93,Sat Dec 19 2020 20:08:16 GMT-0800 (Pacific Standard Time),Sat Dec 19 2020 20:08:16 GMT-0800 (Pacific Standard Time)
3,1,2,111,2,Sun Dec 20 2020 20:08:16 GMT-0800 (Pacific Standard Time),Tue Dec 22 2020 20:08:16 GMT-0800 (Pacific Standard Time)
2,2,2,87,32,Wed Dec 23 2020 20:08:16 GMT-0800 (Pacific Standard Time),Thu Dec 24 2020 20:08:16 GMT-0800 (Pacific Standard Time)
1,1,1,135,22,Fri Dec 25 2020 20:08:16 GMT-0800 (Pacific Standard Time),Mon Dec 28 2020 20:08:16 GMT-0800 (Pacific Standard Time)
2,1,2,321,99,Fri Dec 04 2020 20:08:16 GMT-0800 (Pacific Standard Time),Tue Dec 08 2020 20:08:16 GMT-0800 (Pacific Standard Time)
3,2,2,256,96,Wed Dec 09 2020 20:08:16 GMT-0800 (Pacific Standard Time),Sat Dec 12 2020 20:08:16 GMT-0800 (Pacific Standard Time)
1,2,2,451,86,Sun Dec 13 2020 20:08:16 GMT-0800 (Pacific Standard Time),Sat Dec 19 2020 20:08:16 GMT-0800 (Pacific Standard Time)
2,1,1,191,92,Sun Dec 20 2020 20:08:16 GMT-0800 (Pacific Standard Time),Tue Dec 22 2020 20:08:16 GMT-0800 (Pacific Standard Time)
2,1,1,451,34,Wed Dec 23 2020 20:08:16 GMT-0800 (Pacific Standard Time),Tue Dec 29 2020 20:08:16 GMT-0800 (Pacific Standard Time)
2,1,2,191,92,Wed Dec 30 2020 20:08:16 GMT-0800 (Pacific Standard Time),Fri Jan 01 2021 20:08:16 GMT-0800 (Pacific Standard Time)
1,2,1,61,17,Sat Jan 02 2021 20:08:16 GMT-0800 (Pacific Standard Time),Sat Jan 02 2021 20:08:16 GMT-0800 (Pacific Standard Time)
3,2,1,550,61,Fri Dec 04 2020 20:08:16 GMT-0800 (Pacific Standard Time),Mon Dec 07 2020 20:08:16 GMT-0800 (Pacific Standard Time)
2,2,2,884,16,Tue Dec 08 2020 20:08:16 GMT-0800 (Pacific Standard Time),Sun Dec 13 2020 20:08:16 GMT-0800 (Pacific Standard Time)
3,1,1,383,20,Mon Dec 14 2020 20:08:16 GMT-0800 (Pacific Standard Time),Wed Dec 16 2020 20:08:16 GMT-0800 (Pacific Standard Time)
3,1,2,550,71,Thu Dec 17 2020 20:08:16 GMT-0800 (Pacific Standard Time),Sun Dec 20 2020 20:08:16 GMT-0800 (Pacific Standard Time)
2,2,2,49,99,Mon Dec 21 2020 20:08:16 GMT-0800 (Pacific Standard Time),Mon Dec 21 2020 20:08:16 GMT-0800 (Pacific Standard Time)
3,2,1,1051,59,Tue Dec 22 2020 20:08:16 GMT-0800 (Pacific Standard Time),Mon Dec 28 2020 20:08:16 GMT-0800 (Pacific Standard Time)
3,2,2,884,91,Tue Dec 29 2020 20:08:16 GMT-0800 (Pacific Standard Time),Sun Jan 03 2021 20:08:16 GMT-0800 (Pacific Standard Time)
3,2,2,64,82,Fri Dec 04 2020 20:08:16 GMT-0800 (Pacific Standard Time),Fri Dec 04 2020 20:08:16 GMT-0800 (Pacific Standard Time)
2,1,2,904,66,Sat Dec 05 2020 20:08:16 GMT-0800 (Pacific Standard Time),Fri Dec 11 2020 20:08:16 GMT-0800 (Pacific Standard Time)
2,2,1,624,54,Sat Dec 12 2020 20:08:16 GMT-0800 (Pacific Standard Time),Wed Dec 16 2020 20:08:16 GMT-0800 (Pacific Standard Time)
3,2,2,64,15,Thu Dec 17 2020 20:08:16 GMT-0800 (Pacific Standard Time),Thu Dec 17 2020 20:08:16 GMT-0800 (Pacific Standard Time)
2,2,1,624,67,Fri Dec 18 2020 20:08:16 GMT-0800 (Pacific Standard Time),Tue Dec 22 2020 20:08:16 GMT-0800 (Pacific Standard Time)
3,2,1,904,21,Wed Dec 23 2020 20:08:16 GMT-0800 (Pacific Standard Time),Tue Dec 29 2020 20:08:16 GMT-0800 (Pacific Standard Time)
3,1,2,484,42,Wed Dec 30 2020 20:08:16 GMT-0800 (Pacific Standard Time),Sat Jan 02 2021 20:08:16 GMT-0800 (Pacific Standard Time)
3,2,1,81,89,Fri Dec 04 2020 20:08:16 GMT-0800 (Pacific Standard Time),Fri Dec 04 2020 20:08:16 GMT-0800 (Pacific Standard Time)
1,1,2,121,86,Sat Dec 05 2020 20:08:16 GMT-0800 (Pacific Standard Time),Mon Dec 07 2020 20:08:16 GMT-0800 (Pacific Standard Time)
3,2,2,101,41,Tue Dec 08 2020 20:08:16 GMT-0800 (Pacific Standard Time),Wed Dec 09 2020 20:08:16 GMT-0800 (Pacific Standard Time)
3,2,1,81,9,Thu Dec 10 2020 20:08:16 GMT-0800 (Pacific Standard Time),Thu Dec 10 2020 20:08:16 GMT-0800 (Pacific Standard Time)
1,1,2,81,26,Fri Dec 11 2020 20:08:16 GMT-0800 (Pacific Standard Time),Fri Dec 11 2020 20:08:16 GMT-0800 (Pacific Standard Time)
21,1,2,81,26,Fri Dec 11 2020 20:08:16 GMT-0800 (Pacific Standard Time),Fri Dec 11 2020 20:08:16 GMT-0800 (Pacific Standard Time)
2,1,2,101,7,Sat Dec 12 2020 20:08:16 GMT-0800 (Pacific Standard Time),Sun Dec 13 2020 20:08:16 GMT-0800 (Pacific Standard Time)
2,2,1,201,1,Mon Dec 14 2020 20:08:16 GMT-0800 (Pacific Standard Time),Sun Dec 20 2020 20:08:16 GMT-0800 (Pacific Standard Time)
1,1,1,967,41,Fri Dec 04 2020 20:08:16 GMT-0800 (Pacific Standard Time),Thu Dec 10 2020 20:08:16 GMT-0800 (Pacific Standard Time)
2,2,2,339,81,Fri Dec 11 2020 20:08:16 GMT-0800 (Pacific Standard Time),Sun Dec 13 2020 20:08:16 GMT-0800 (Pacific Standard Time)
1,2,1,339,89,Mon Dec 14 2020 20:08:16 GMT-0800 (Pacific Standard Time),Wed Dec 16 2020 20:08:16 GMT-0800 (Pacific Standard Time)
2,2,1,182,41,Sun Dec 20 2020 20:08:16 GMT-0800 (Pacific Standard Time),Mon Dec 21 2020 20:08:16 GMT-0800 (Pacific Standard Time)
3,2,2,653,99,Tue Dec 22 2020 20:08:16 GMT-0800 (Pacific Standard Time),Sat Dec 26 2020 20:08:16 GMT-0800 (Pacific Standard Time)
2,2,2,810,14,Sun Dec 27 2020 20:08:16 GMT-0800 (Pacific Standard Time),Fri Jan 01 2021 20:08:16 GMT-0800 (Pacific Standard Time)
2,1,1,179,67,Fri Dec 04 2020 20:08:16 GMT-0800 (Pacific Standard Time),Sun Dec 06 2020 20:08:16 GMT-0800 (Pacific Standard Time)
3,2,1,299,5,Mon Dec 07 2020 20:08:16 GMT-0800 (Pacific Standard Time),Sat Dec 12 2020 20:08:16 GMT-0800 (Pacific Standard Time)
2,1,2,139,60,Sun Dec 13 2020 20:08:16 GMT-0800 (Pacific Standard Time),Mon Dec 14 2020 20:08:16 GMT-0800 (Pacific Standard Time)
3,2,1,219,39,Tue Dec 15 2020 20:08:16 GMT-0800 (Pacific Standard Time),Fri Dec 18 2020 20:08:16 GMT-0800 (Pacific Standard Time)
2,1,2,299,76,Sat Dec 19 2020 20:08:16 GMT-0800 (Pacific Standard Time),Thu Dec 24 2020 20:08:16 GMT-0800 (Pacific Standard Time)
2,1,2,339,8,Fri Dec 25 2020 20:08:16 GMT-0800 (Pacific Standard Time),Thu Dec 31 2020 20:08:16 GMT-0800 (Pacific Standard Time)
2,2,2,99,27,Fri Jan 01 2021 20:08:16 GMT-0800 (Pacific Standard Time),Fri Jan 01 2021 20:08:16 GMT-0800 (Pacific Standard Time)
1,1,1,63,65,Fri Dec 04 2020 20:08:16 GMT-0800 (Pacific Standard Time),Fri Dec 04 2020 20:08:16 GMT-0800 (Pacific Standard Time)
3,2,2,1423,37,Sat Dec 05 2020 20:08:16 GMT-0800 (Pacific Standard Time),Thu Dec 10 2020 20:08:16 GMT-0800 (Pacific Standard Time)
2,1,2,63,73,Fri Dec 11 2020 20:08:16 GMT-0800 (Pacific Standard Time),Fri Dec 11 2020 20:08:16 GMT-0800 (Pacific Standard Time)
2,2,1,1423,77,Sat Dec 12 2020 20:08:16 GMT-0800 (Pacific Standard Time),Thu Dec 17 2020 20:08:16 GMT-0800 (Pacific Standard Time)
3,1,1,335,80,Fri Dec 18 2020 20:08:16 GMT-0800 (Pacific Standard Time),Sat Dec 19 2020 20:08:16 GMT-0800 (Pacific Standard Time)
2,2,2,1151,76,Sun Dec 20 2020 20:08:16 GMT-0800 (Pacific Standard Time),Thu Dec 24 2020 20:08:16 GMT-0800 (Pacific Standard Time)
1,1,1,1151,78,Fri Dec 25 2020 20:08:16 GMT-0800 (Pacific Standard Time),Tue Dec 29 2020 20:08:16 GMT-0800 (Pacific Standard Time)
3,2,1,1416,80,Fri Dec 04 2020 20:08:16 GMT-0800 (Pacific Standard Time),Wed Dec 09 2020 20:08:16 GMT-0800 (Pacific Standard Time)
2,2,2,1140,75,Thu Dec 10 2020 20:08:16 GMT-0800 (Pacific Standard Time),Mon Dec 14 2020 20:08:16 GMT-0800 (Pacific Standard Time)
3,1,2,1140,22,Tue Dec 15 2020 20:08:16 GMT-0800 (Pacific Standard Time),Sat Dec 19 2020 20:08:16 GMT-0800 (Pacific Standard Time)
2,2,1,1692,68,Sun Dec 20 2020 20:08:16 GMT-0800 (Pacific Standard Time),Sat Dec 26 2020 20:08:16 GMT-0800 (Pacific Standard Time)
3,1,1,1140,55,Sun Dec 27 2020 20:08:16 GMT-0800 (Pacific Standard Time),Thu Dec 31 2020 20:08:16 GMT-0800 (Pacific Standard Time)
1,1,1,588,61,Fri Jan 01 2021 20:08:16 GMT-0800 (Pacific Standard Time),Sun Jan 03 2021 20:08:16 GMT-0800 (Pacific Standard Time)
2,1,1,588,52,Mon Jan 04 2021 20:08:16 GMT-0800 (Pacific Standard Time),Wed Jan 06 2021 20:08:16 GMT-0800 (Pacific Standard Time)
1,2,1,123,19,Fri Dec 04 2020 20:08:16 GMT-0800 (Pacific Standard Time),Sun Dec 06 2020 20:08:16 GMT-0800 (Pacific Standard Time)
3,1,2,183,30,Mon Dec 07 2020 20:08:16 GMT-0800 (Pacific Standard Time),Fri Dec 11 2020 20:08:16 GMT-0800 (Pacific Standard Time)
2,2,2,93,45,Sat Dec 12 2020 20:08:16 GMT-0800 (Pacific Standard Time),Sun Dec 13 2020 20:08:16 GMT-0800 (Pacific Standard Time)
2,2,2,123,18,Mon Dec 14 2020 20:08:16 GMT-0800 (Pacific Standard Time),Wed Dec 16 2020 20:08:16 GMT-0800 (Pacific Standard Time)
1,2,1,93,2,Thu Dec 17 2020 20:08:16 GMT-0800 (Pacific Standard Time),Fri Dec 18 2020 20:08:16 GMT-0800 (Pacific Standard Time)
3,2,1,183,54,Sat Dec 19 2020 20:08:16 GMT-0800 (Pacific Standard Time),Wed Dec 23 2020 20:08:16 GMT-0800 (Pacific Standard Time)
2,1,1,153,49,Thu Dec 24 2020 20:08:16 GMT-0800 (Pacific Standard Time),Sun Dec 27 2020 20:08:16 GMT-0800 (Pacific Standard Time)
1,1,2,82,74,Fri Dec 04 2020 20:08:16 GMT-0800 (Pacific Standard Time),Fri Dec 04 2020 20:08:16 GMT-0800 (Pacific Standard Time)
1,1,1,366,72,Sat Dec 05 2020 20:08:16 GMT-0800 (Pacific Standard Time),Mon Dec 07 2020 20:08:16 GMT-0800 (Pacific Standard Time)
1,2,1,934,76,Tue Dec 08 2020 20:08:16 GMT-0800 (Pacific Standard Time),Mon Dec 14 2020 20:08:16 GMT-0800 (Pacific Standard Time)
3,2,1,650,6,Tue Dec 15 2020 20:08:16 GMT-0800 (Pacific Standard Time),Sat Dec 19 2020 20:08:16 GMT-0800 (Pacific Standard Time)
3,2,1,82,22,Sun Dec 20 2020 20:08:16 GMT-0800 (Pacific Standard Time),Sun Dec 20 2020 20:08:16 GMT-0800 (Pacific Standard Time)
3,2,2,366,98,Mon Dec 21 2020 20:08:16 GMT-0800 (Pacific Standard Time),Wed Dec 23 2020 20:08:16 GMT-0800 (Pacific Standard Time)
3,1,1,508,43,Thu Dec 24 2020 20:08:16 GMT-0800 (Pacific Standard Time),Sun Dec 27 2020 20:08:16 GMT-0800 (Pacific Standard Time)
2,2,2,92,18,Fri Dec 04 2020 20:08:16 GMT-0800 (Pacific Standard Time),Thu Dec 10 2020 20:08:16 GMT-0800 (Pacific Standard Time)
2,2,1,88,27,Fri Dec 11 2020 20:08:16 GMT-0800 (Pacific Standard Time),Wed Dec 16 2020 20:08:16 GMT-0800 (Pacific Standard Time)
2,2,2,84,56,Thu Dec 17 2020 20:08:16 GMT-0800 (Pacific Standard Time),Mon Dec 21 2020 20:08:16 GMT-0800 (Pacific Standard Time)
2,2,2,80,29,Tue Dec 22 2020 20:08:16 GMT-0800 (Pacific Standard Time),Fri Dec 25 2020 20:08:16 GMT-0800 (Pacific Standard Time)
1,1,2,80,62,Sat Dec 26 2020 20:08:16 GMT-0800 (Pacific Standard Time),Tue Dec 29 2020 20:08:16 GMT-0800 (Pacific Standard Time)
2,1,1,76,41,Wed Dec 30 2020 20:08:16 GMT-0800 (Pacific Standard Time),Fri Jan 01 2021 20:08:16 GMT-0800 (Pacific Standard Time)
3,1,1,76,58,Sat Jan 02 2021 20:08:16 GMT-0800 (Pacific Standard Time),Mon Jan 04 2021 20:08:16 GMT-0800 (Pacific Standard Time)
2,1,1,75,36,Fri Dec 04 2020 20:08:16 GMT-0800 (Pacific Standard Time),Sat Dec 05 2020 20:08:16 GMT-0800 (Pacific Standard Time)
1,1,2,75,75,Sun Dec 06 2020 20:08:16 GMT-0800 (Pacific Standard Time),Mon Dec 07 2020 20:08:16 GMT-0800 (Pacific Standard Time)
3,1,2,175,42,Tue Dec 08 2020 20:08:16 GMT-0800 (Pacific Standard Time),Mon Dec 14 2020 20:08:16 GMT-0800 (Pacific Standard Time)
2,2,2,55,27,Tue Dec 15 2020 20:08:16 GMT-0800 (Pacific Standard Time),Tue Dec 15 2020 20:08:16 GMT-0800 (Pacific Standard Time)
1,1,2,155,74,Wed Dec 16 2020 20:08:16 GMT-0800 (Pacific Standard Time),Mon Dec 21 2020 20:08:16 GMT-0800 (Pacific Standard Time)
2,1,2,95,74,Tue Dec 22 2020 20:08:16 GMT-0800 (Pacific Standard Time),Thu Dec 24 2020 20:08:16 GMT-0800 (Pacific Standard Time)
2,2,1,95,2,Fri Dec 25 2020 20:08:16 GMT-0800 (Pacific Standard Time),Sun Dec 27 2020 20:08:16 GMT-0800 (Pacific Standard Time)
)
2,2,1,95,2,Fri Dec 25 2020 20:08:16 GMT-0800 (Pacific Standard Time),Sun Dec 27 2020 20:08:16 GMT-0800 (Pacific Standard Time)
ard Time)
2,1,1,75,36,Fri Dec 04 2020 20:08:16 GMT-0800 (Pacific Standard Time),Sat Dec 05 2020 20:08:16 GMT-0800 (Pacific Standard Time)
1,1,2,75,75,Sun Dec 06 2020 20:08:16 GMT-0800 (Pacific Standard Time),Mon Dec 07 2020 20:08:16 GMT-0800 (Pacific Standard Time)
3,1,2,175,42,Tue Dec 08 2020 20:08:16 GMT-0800 (Pacific Standard Time),Mon Dec 14 2020 20:08:16 GMT-0800 (Pacific Standard Time)
2,2,2,55,27,Tue Dec 15 2020 20:08:16 GMT-0800 (Pacific Standard Time),Tue Dec 15 2020 20:08:16 GMT-0800 (Pacific Standard Time)
1,1,2,155,74,Wed Dec 16 2020 20:08:16 GMT-0800 (Pacific Standard Time),Mon Dec 21 2020 20:08:16 GMT-0800 (Pacific Standard Time)
2,1,2,95,74,Tue Dec 22 2020 20:08:16 GMT-0800 (Pacific Standard Time),Thu Dec 24 2020 20:08:16 GMT-0800 (Pacific Standard Time)
2,2,1,95,2,Fri Dec 25 2020 20:08:16 GMT-0800 (Pacific Standard Time),Sun Dec 27 2020 20:08:16 GMT-0800 (Pacific Standard Time)
ime)
2,1,1,75,36,Fri Dec 04 2020 20:08:16 GMT-0800 (Pacific Standard Time),Sat Dec 05 2020 20:08:16 GMT-0800 (Pacific Standard Time)
1,1,2,75,75,Sun Dec 06 2020 20:08:16 GMT-0800 (Pacific Standard Time),Mon Dec 07 2020 20:08:16 GMT-0800 (Pacific Standard Time)
3,1,2,175,42,Tue Dec 08 2020 20:08:16 GMT-0800 (Pacific Standard Time),Mon Dec 14 2020 20:08:16 GMT-0800 (Pacific Standard Time)
2,2,2,55,27,Tue Dec 15 2020 20:08:16 GMT-0800 (Pacific Standard Time),Tue Dec 15 2020 20:08:16 GMT-0800 (Pacific Standard Time)
1,1,2,155,74,Wed Dec 16 2020 20:08:16 GMT-0800 (Pacific Standard Time),Mon Dec 21 2020 20:08:16 GMT-0800 (Pacific Standard Time)
2,1,2,95,74,Tue Dec 22 2020 20:08:16 GMT-0800 (Pacific Standard Time),Thu Dec 24 2020 20:08:16 GMT-0800 (Pacific Standard Time)
2,2,1,95,2,Fri Dec 25 2020 20:08:16 GMT-0800 (Pacific Standard Time),Sun Dec 27 2020 20:08:16 GMT-0800 (Pacific Standard Time)
d Time)
2,1,1,75,36,Fri Dec 04 2020 20:08:16 GMT-0800 (Pacific Standard Time),Sat Dec 05 2020 20:08:16 GMT-0800 (Pacific Standard Time)
1,1,2,75,75,Sun Dec 06 2020 20:08:16 GMT-0800 (Pacific Standard Time),Mon Dec 07 2020 20:08:16 GMT-0800 (Pacific Standard Time)
3,1,2,175,42,Tue Dec 08 2020 20:08:16 GMT-0800 (Pacific Standard Time),Mon Dec 14 2020 20:08:16 GMT-0800 (Pacific Standard Time)
2,2,2,55,27,Tue Dec 15 2020 20:08:16 GMT-0800 (Pacific Standard Time),Tue Dec 15 2020 20:08:16 GMT-0800 (Pacific Standard Time)
1,1,2,155,74,Wed Dec 16 2020 20:08:16 GMT-0800 (Pacific Standard Time),Mon Dec 21 2020 20:08:16 GMT-0800 (Pacific Standard Time)
2,1,2,95,74,Tue Dec 22 2020 20:08:16 GMT-0800 (Pacific Standard Time),Thu Dec 24 2020 20:08:16 GMT-0800 (Pacific Standard Time)
2,2,1,95,2,Fri Dec 25 2020 20:08:16 GMT-0800 (Pacific Standard Time),Sun Dec 27 2020 20:08:16 GMT-0800 (Pacific Standard Time)
e)
2,1,1,75,36,Fri Dec 04 2020 20:08:16 GMT-0800 (Pacific Standard Time),Sat Dec 05 2020 20:08:16 GMT-0800 (Pacific Standard Time)
1,1,2,75,75,Sun Dec 06 2020 20:08:16 GMT-0800 (Pacific Standard Time),Mon Dec 07 2020 20:08:16 GMT-0800 (Pacific Standard Time)
3,1,2,175,42,Tue Dec 08 2020 20:08:16 GMT-0800 (Pacific Standard Time),Mon Dec 14 2020 20:08:16 GMT-0800 (Pacific Standard Time)
2,2,2,55,27,Tue Dec 15 2020 20:08:16 GMT-0800 (Pacific Standard Time),Tue Dec 15 2020 20:08:16 GMT-0800 (Pacific Standard Time)
1,1,2,155,74,Wed Dec 16 2020 20:08:16 GMT-0800 (Pacific Standard Time),Mon Dec 21 2020 20:08:16 GMT-0800 (Pacific Standard Time)
2,1,2,95,74,Tue Dec 22 2020 20:08:16 GMT-0800 (Pacific Standard Time),Thu Dec 24 2020 20:08:16 GMT-0800 (Pacific Standard Time)
2,2,1,95,2,Fri Dec 25 2020 20:08:16 GMT-0800 (Pacific Standard Time),Sun Dec 27 2020 20:08:16 GMT-0800 (Pacific Standard Time)
Time)
2,1,1,75,36,Fri Dec 04 2020 20:08:16 GMT-0800 (Pacific Standard Time),Sat Dec 05 2020 20:08:16 GMT-0800 (Pacific Standard Time)
1,1,2,75,75,Sun Dec 06 2020 20:08:16 GMT-0800 (Pacific Standard Time),Mon Dec 07 2020 20:08:16 GMT-0800 (Pacific Standard Time)
3,1,2,175,42,Tue Dec 08 2020 20:08:16 GMT-0800 (Pacific Standard Time),Mon Dec 14 2020 20:08:16 GMT-0800 (Pacific Standard Time)
2,2,2,55,27,Tue Dec 15 2020 20:08:16 GMT-0800 (Pacific Standard Time),Tue Dec 15 2020 20:08:16 GMT-0800 (Pacific Standard Time)
1,1,2,155,74,Wed Dec 16 2020 20:08:16 GMT-0800 (Pacific Standard Time),Mon Dec 21 2020 20:08:16 GMT-0800 (Pacific Standard Time)
2,1,2,95,74,Tue Dec 22 2020 20:08:16 GMT-0800 (Pacific Standard Time),Thu Dec 24 2020 20:08:16 GMT-0800 (Pacific Standard Time)
2,2,1,95,2,Fri Dec 25 2020 20:08:16 GMT-0800 (Pacific Standard Time),Sun Dec 27 2020 20:08:16 GMT-0800 (Pacific Standard Time)
Time)
2,1,1,75,36,Fri Dec 04 2020 20:08:16 GMT-0800 (Pacific Standard Time),Sat Dec 05 2020 20:08:16 GMT-0800 (Pacific Standard Time)
1,1,2,75,75,Sun Dec 06 2020 20:08:16 GMT-0800 (Pacific Standard Time),Mon Dec 07 2020 20:08:16 GMT-0800 (Pacific Standard Time)
3,1,2,175,42,Tue Dec 08 2020 20:08:16 GMT-0800 (Pacific Standard Time),Mon Dec 14 2020 20:08:16 GMT-0800 (Pacific Standard Time)
2,2,2,55,27,Tue Dec 15 2020 20:08:16 GMT-0800 (Pacific Standard Time),Tue Dec 15 2020 20:08:16 GMT-0800 (Pacific Standard Time)
1,1,2,155,74,Wed Dec 16 2020 20:08:16 GMT-0800 (Pacific Standard Time),Mon Dec 21 2020 20:08:16 GMT-0800 (Pacific Standard Time)
2,1,2,95,74,Tue Dec 22 2020 20:08:16 GMT-0800 (Pacific Standard Time),Thu Dec 24 2020 20:08:16 GMT-0800 (Pacific Standard Time)
2,2,1,95,2,Fri Dec 25 2020 20:08:16 GMT-0800 (Pacific Standard Time),Sun Dec 27 2020 20:08:16 GMT-0800 (Pacific Standard Time)
d Time)
2,1,1,75,36,Fri Dec 04 2020 20:08:16 GMT-0800 (Pacific Standard Time),Sat Dec 05 2020 20:08:16 GMT-0800 (Pacific Standard Time)
1,1,2,75,75,Sun Dec 06 2020 20:08:16 GMT-0800 (Pacific Standard Time),Mon Dec 07 2020 20:08:16 GMT-0800 (Pacific Standard Time)
3,1,2,175,42,Tue Dec 08 2020 20:08:16 GMT-0800 (Pacific Standard Time),Mon Dec 14 2020 20:08:16 GMT-0800 (Pacific Standard Time)
2,2,2,55,27,Tue Dec 15 2020 20:08:16 GMT-0800 (Pacific Standard Time),Tue Dec 15 2020 20:08:16 GMT-0800 (Pacific Standard Time)
1,1,2,155,74,Wed Dec 16 2020 20:08:16 GMT-0800 (Pacific Standard Time),Mon Dec 21 2020 20:08:16 GMT-0800 (Pacific Standard Time)
2,1,2,95,74,Tue Dec 22 2020 20:08:16 GMT-0800 (Pacific Standard Time),Thu Dec 24 2020 20:08:16 GMT-0800 (Pacific Standard Time)
2,2,1,95,2,Fri Dec 25 2020 20:08:16 GMT-0800 (Pacific Standard Time),Sun Dec 27 2020 20:08:16 GMT-0800 (Pacific Standard Time)
Time)
2,1,1,75,36,Fri Dec 04 2020 20:08:16 GMT-0800 (Pacific Standard Time),Sat Dec 05 2020 20:08:16 GMT-0800 (Pacific Standard Time)
1,1,2,75,75,Sun Dec 06 2020 20:08:16 GMT-0800 (Pacific Standard Time),Mon Dec 07 2020 20:08:16 GMT-0800 (Pacific Standard Time)
3,1,2,175,42,Tue Dec 08 2020 20:08:16 GMT-0800 (Pacific Standard Time),Mon Dec 14 2020 20:08:16 GMT-0800 (Pacific Standard Time)
2,2,2,55,27,Tue Dec 15 2020 20:08:16 GMT-0800 (Pacific Standard Time),Tue Dec 15 2020 20:08:16 GMT-0800 (Pacific Standard Time)
1,1,2,155,74,Wed Dec 16 2020 20:08:16 GMT-0800 (Pacific Standard Time),Mon Dec 21 2020 20:08:16 GMT-0800 (Pacific Standard Time)
2,1,2,95,74,Tue Dec 22 2020 20:08:16 GMT-0800 (Pacific Standard Time),Thu Dec 24 2020 20:08:16 GMT-0800 (Pacific Standard Time)
2,2,1,95,2,Fri Dec 25 2020 20:08:16 GMT-0800 (Pacific Standard Time),Sun Dec 27 2020 20:08:16 GMT-0800 (Pacific Standard Time)
me)
2,1,1,75,36,Fri Dec 04 2020 20:08:16 GMT-0800 (Pacific Standard Time),Sat Dec 05 2020 20:08:16 GMT-0800 (Pacific Standard Time)
1,1,2,75,75,Sun Dec 06 2020 20:08:16 GMT-0800 (Pacific Standard Time),Mon Dec 07 2020 20:08:16 GMT-0800 (Pacific Standard Time)
3,1,2,175,42,Tue Dec 08 2020 20:08:16 GMT-0800 (Pacific Standard Time),Mon Dec 14 2020 20:08:16 GMT-0800 (Pacific Standard Time)
2,2,2,55,27,Tue Dec 15 2020 20:08:16 GMT-0800 (Pacific Standard Time),Tue Dec 15 2020 20:08:16 GMT-0800 (Pacific Standard Time)
1,1,2,155,74,Wed Dec 16 2020 20:08:16 GMT-0800 (Pacific Standard Time),Mon Dec 21 2020 20:08:16 GMT-0800 (Pacific Standard Time)
2,1,2,95,74,Tue Dec 22 2020 20:08:16 GMT-0800 (Pacific Standard Time),Thu Dec 24 2020 20:08:16 GMT-0800 (Pacific Standard Time)
2,2,1,95,2,Fri Dec 25 2020 20:08:16 GMT-0800 (Pacific Standard Time),Sun Dec 27 2020 20:08:16 GMT-0800 (Pacific Standard Time)
e)
2,1,1,75,36,Fri Dec 04 2020 20:08:16 GMT-0800 (Pacific Standard Time),Sat Dec 05 2020 20:08:16 GMT-0800 (Pacific Standard Time)
1,1,2,75,75,Sun Dec 06 2020 20:08:16 GMT-0800 (Pacific Standard Time),Mon Dec 07 2020 20:08:16 GMT-0800 (Pacific Standard Time)
3,1,2,175,42,Tue Dec 08 2020 20:08:16 GMT-0800 (Pacific Standard Time),Mon Dec 14 2020 20:08:16 GMT-0800 (Pacific Standard Time)
2,2,2,55,27,Tue Dec 15 2020 20:08:16 GMT-0800 (Pacific Standard Time),Tue Dec 15 2020 20:08:16 GMT-0800 (Pacific Standard Time)
1,1,2,155,74,Wed Dec 16 2020 20:08:16 GMT-0800 (Pacific Standard Time),Mon Dec 21 2020 20:08:16 GMT-0800 (Pacific Standard Time)
2,1,2,95,74,Tue Dec 22 2020 20:08:16 GMT-0800 (Pacific Standard Time),Thu Dec 24 2020 20:08:16 GMT-0800 (Pacific Standard Time)
2,2,1,95,2,Fri Dec 25 2020 20:08:16 GMT-0800 (Pacific Standard Time),Sun Dec 27 2020 20:08:16 GMT-0800 (Pacific Standard Time)
2,1,1,75,36,Fri Dec 04 2020 20:08:16 GMT-0800 (Pacific Standard Time),Sat Dec 05 2020 20:08:16 GMT-0800 (Pacific Standard Time)
1,1,2,75,75,Sun Dec 06 2020 20:08:16 GMT-0800 (Pacific Standard Time),Mon Dec 07 2020 20:08:16 GMT-0800 (Pacific Standard Time)
3,1,2,175,42,Tue Dec 08 2020 20:08:16 GMT-0800 (Pacific Standard Time),Mon Dec 14 2020 20:08:16 GMT-0800 (Pacific Standard Time)
2,2,2,55,27,Tue Dec 15 2020 20:08:16 GMT-0800 (Pacific Standard Time),Tue Dec 15 2020 20:08:16 GMT-0800 (Pacific Standard Time)
1,1,2,155,74,Wed Dec 16 2020 20:08:16 GMT-0800 (Pacific Standard Time),Mon Dec 21 2020 20:08:16 GMT-0800 (Pacific Standard Time)
2,1,2,95,74,Tue Dec 22 2020 20:08:16 GMT-0800 (Pacific Stan3,2,2,653,99,Tue Dec 22 2020 20:08:16 GMT-0800 (Pacific Standard Time),Sat Dec 26 2020 20:08:16 GMT-0800 (Pacific Standard Time)
2,2,2,810,14,Sun Dec 27 2020 20:08:16 GMT-0800 (Pacific Standard Time),Fri Jan 01 2021 20:08:16 GMT-0800 (Pacific Standard Time)
2,1,1,179,67,Fri Dec 04 2020 20:08:16 GMT-0800 (Pacific Standard Time),Sun Dec 06 2020 20:08:16 GMT-0800 (Pacific Standard Time)
3,2,1,299,5,Mon Dec 07 2020 20:08:16 GMT-0800 (Pacific Standard Time),Sat Dec 12 2020 20:08:16 GMT-0800 (Pacific Standard Time)
2,1,2,139,60,Sun Dec 13 2020 20:08:16 GMT-0800 (Pacific Standard Time),Mon Dec 14 2020 20:08:16 GMT-0800 (Pacific Standard Time)
3,2,1,219,39,Tue Dec 15 2020 20:08:16 GMT-0800 (Pacific Standard Time),Fri Dec 18 2020 20:08:16 GMT-0800 (Pacific Standard Time)
2,1,2,299,76,Sat Dec 19 2020 20:08:16 GMT-0800 (Pacific Standard Time),Thu Dec 24 2020 20:08:16 GMT-0800 (Pacific Standard Time)
2,1,2,339,8,Fri Dec 25 2020 20:08:16 GMT-0800 (Pacific Standard Time),Thu Dec 31 2020 20:08:16 GMT-0800 (Pacific Standard Time)
2,2,2,99,27,Fri Jan 01 2021 20:08:16 GMT-0800 (Pacific Standard Time),Fri Jan 01 2021 20:08:16 GMT-0800 (Pacific Standard Time)
1,1,1,63,65,Fri Dec 04 2020 20:08:16 GMT-0800 (Pacific Standard Time),Fri Dec 04 2020 20:08:16 GMT-0800 (Pacific Standard Time)
3,2,2,1423,37,Sat Dec 05 2020 20:08:16 GMT-0800 (Pacific Standard Time),Thu Dec 10 2020 20:08:16 GMT-0800 (Pacific Standard Time)
2,1,2,63,73,Fri Dec 11 2020 20:08:16 GMT-0800 (Pacific Standard Time),Fri Dec 11 2020 20:08:16 GMT-0800 (Pacific Standard Time)
2,2,1,1423,77,Sat Dec 12 2020 20:08:16 GMT-0800 (Pacific Standard Time),Thu Dec 17 2020 20:08:16 GMT-0800 (Pacific Standard Time)
3,1,1,335,80,Fri Dec 18 2020 20:08:16 GMT-0800 (Pacific Standard Time),Sat Dec 19 2020 20:08:16 GMT-0800 (Pacific Standard Time)
2,2,2,1151,76,Sun Dec 20 2020 20:08:16 GMT-0800 (Pacific Standard Time),Thu Dec 24 2020 20:08:16 GMT-0800 (Pacific Standard Time)
1,1,1,1151,78,Fri Dec 25 2020 20:08:16 GMT-0800 (Pacific Standard Time),Tue Dec 29 2020 20:08:16 GMT-0800 (Pacific Standard Time)
3,2,1,1416,80,Fri Dec 04 2020 20:08:16 GMT-0800 (Pacific Standard Time),Wed Dec 09 2020 20:08:16 GMT-0800 (Pacific Standard Time)
2,2,2,1140,75,Thu Dec 10 2020 20:08:16 GMT-0800 (Pacific Standard Time),Mon Dec 14 2020 20:08:16 GMT-0800 (Pacific Standard Time)
3,1,2,1140,22,Tue Dec 15 2020 20:08:16 GMT-0800 (Pacific Standard Time),Sat Dec 19 2020 20:08:16 GMT-0800 (Pacific Standard Time)
2,2,1,1692,68,Sun Dec 20 2020 20:08:16 GMT-0800 (Pacific Standard Time),Sat Dec 26 2020 20:08:16 GMT-0800 (Pacific Standard Time)
3,1,1,1140,55,Sun Dec 27 2020 20:08:16 GMT-0800 (Pacific Standard Time),Thu Dec 31 2020 20:08:16 GMT-0800 (Pacific Standard Time)
1,1,1,588,61,Fri Jan 01 2021 20:08:16 GMT-0800 (Pacific Standard Time),Sun Jan 03 2021 20:08:16 GMT-0800 (Pacific Standard Time)
2,1,1,588,52,Mon Jan 04 2021 20:08:16 GMT-0800 (Pacific Standard Time),Wed Jan 06 2021 20:08:16 GMT-0800 (Pacific Standard Time)
1,2,1,123,19,Fri Dec 04 2020 20:08:16 GMT-0800 (Pacific Standard Time),Sun Dec 06 2020 20:08:16 GMT-0800 (Pacific Standard Time)
3,1,2,183,30,Mon Dec 07 2020 20:08:16 GMT-0800 (Pacific Standard Time),Fri Dec 11 2020 20:08:16 GMT-0800 (Pacific Standard Time)
2,2,2,93,45,Sat Dec 12 2020 20:08:16 GMT-0800 (Pacific Standard Time),Sun Dec 13 2020 20:08:16 GMT-0800 (Pacific Standard Time)
2,2,2,123,18,Mon Dec 14 2020 20:08:16 GMT-0800 (Pacific Standard Time),Wed Dec 16 2020 20:08:16 GMT-0800 (Pacific Standard Time)
1,2,1,93,2,Thu Dec 17 2020 20:08:16 GMT-0800 (Pacific Standard Time),Fri Dec 18 2020 20:08:16 GMT-0800 (Pacific Standard Time)
3,2,1,183,54,Sat Dec 19 2020 20:08:16 GMT-0800 (Pacific Standard Time),Wed Dec 23 2020 20:08:16 GMT-0800 (Pacific Standard Time)
2,1,1,153,49,Thu Dec 24 2020 20:08:16 GMT-0800 (Pacific Standard Time),Sun Dec 27 2020 20:08:16 GMT-0800 (Pacific Standard Time)
1,1,2,82,74,Fri Dec 04 2020 20:08:16 GMT-0800 (Pacific Standard Time),Fri Dec 04 2020 20:08:16 GMT-0800 (Pacific Standard Time)
1,1,1,366,72,Sat Dec 05 2020 20:08:16 GMT-0800 (Pacific Standard Time),Mon Dec 07 2020 20:08:16 GMT-0800 (Pacific Standard Time)
1,2,1,934,76,Tue Dec 08 2020 20:08:16 GMT-0800 (Pacific Standard Time),Mon Dec 14 2020 20:08:16 GMT-0800 (Pacific Standard Time)
3,2,1,650,6,Tue Dec 15 2020 20:08:16 GMT-0800 (Pacific Standard Time),Sat Dec 19 2020 20:08:16 GMT-0800 (Pacific Standard Time)
3,2,1,82,22,Sun Dec 20 2020 20:08:16 GMT-0800 (Pacific Standard Time),Sun Dec 20 2020 20:08:16 GMT-0800 (Pacific Standard Time)
3,2,2,366,98,Mon Dec 21 2020 20:08:16 GMT-0800 (Pacific Standard Time),Wed Dec 23 2020 20:08:16 GMT-0800 (Pacific Standard Time)
3,1,1,508,43,Thu Dec 24 2020 20:08:16 GMT-0800 (Pacific Standard Time),Sun Dec 27 2020 20:08:16 GMT-0800 (Pacific Standard Time)
2,2,2,92,18,Fri Dec 04 2020 20:08:16 GMT-0800 (Pacific Standard Time),Thu Dec 10 2020 20:08:16 GMT-0800 (Pacific Standard Time)
2,2,1,88,27,Fri Dec 11 2020 20:08:16 GMT-0800 (Pacific Standard Time),Wed Dec 16 2020 20:08:16 GMT-0800 (Pacific Standard Time)
2,2,2,84,56,Thu Dec 17 2020 20:08:16 GMT-0800 (Pacific Standard Time),Mon Dec 21 2020 20:08:16 GMT-0800 (Pacific Standard Time)
2,2,2,80,29,Tue Dec 22 2020 20:08:16 GMT-0800 (Pacific Standard Time),Fri Dec 25 2020 20:08:16 GMT-0800 (Pacific Standard Time)
1,1,2,80,62,Sat Dec 26 2020 20:08:16 GMT-0800 (Pacific Standard Time),Tue Dec 29 2020 20:08:16 GMT-0800 (Pacific Standard Time)
2,1,1,76,41,Wed Dec 30 2020 20:08:16 GMT-0800 (Pacific Standard Time),Fri Jan 01 2021 20:08:16 GMT-0800 (Pacific Standard Time)
3,1,1,76,58,Sat Jan 02 2021 20:08:16 GMT-0800 (Pacific Standard Time),Mon Jan 04 2021 20:08:16 GMT-0800 (Pacific Standard Time)
2,1,1,75,36,Fri Dec 04 2020 20:08:16 GMT-0800 (Pacific Standard Time),Sat Dec 05 2020 20:08:16 GMT-0800 (Pacific Standard Time)
1,1,2,75,75,Sun Dec 06 2020 20:08:16 GMT-0800 (Pacific Standard Time),Mon Dec 07 2020 20:08:16 GMT-0800 (Pacific Standard Time)
3,1,2,175,42,Tue Dec 08 2020 20:08:16 GMT-0800 (Pacific Standard Time),Mon Dec 14 2020 20:08:16 GMT-0800 (Pacific Standard Time)
2,2,2,55,27,Tue Dec 15 2020 20:08:16 GMT-0800 (Pacific Standard Time),Tue Dec 15 2020 20:08:16 GMT-0800 (Pacific Standard Time)
1,1,2,155,74,Wed Dec 16 2020 20:08:16 GMT-0800 (Pacific Standard Time),Mon Dec 21 2020 20:08:16 GMT-0800 (Pacific Standard Time)
2,1,2,95,74,Tue Dec 22 2020 20:08:16 GMT-0800 (Pacific Standard Time),Thu Dec 24 2020 20:08:16 GMT-0800 (Pacific Standard Time)
2,2,1,95,2,Fri Dec 25 2020 20:08:16 GMT-0800 (Pacific Standard Time),Sun Dec 27 2020 20:08:16 GMT-0800 (Pacific Standard Time)
