id,name
0,Carla Bahringer
1,Fredrick Torp
2,Josh Treutel
3,Maggie Kunde
4,Ben White
5,Darrell Cronin
6,Byron Hessel
7,Mary Ruecker MD
8,Nelson Corwin
9,Leslie Christiansen
10,Nettie Hartmann
11,Tommie Marks
12,Joanna Kling
13,Reginald Little
14,George Dibbert
15,Minnie Zulauf
16,Essie Johnston
17,Luis Predovic
18,Lydia Jacobs
19,Mr. Geraldine Wiza
20,Marjorie Hammes
21,Suzanne Kemmer
22,Eddie Powlowski
23,Marlene Wisoky
24,Francis Reichert
25,Roy Monahan
26,Jimmie Gulgowski
27,Lucy Rutherford
28,Irma Johns
29,Charlene Robel
30,Rosalie Bernier
31,Lucia Haag
32,Bobbie Reichert
33,Christian Greenholt
34,Jeannie Kohler
35,Earnest Larson
36,Laura Toy
37,Dianne Koss MD
38,Gerald Conn
39,Eugene Nikolaus
40,Gwen Morar
41,Ms. Susie Fay
42,Miss Jerry Quitzon
43,Mary Farrell
44,Antoinette Pfannerstill
45,Sharon Wilderman
46,Jane Marks
47,Steve Keebler
48,Yvette Denesik
49,Ms. Jill Monahan
50,Dave Adams
51,Jay Friesen
52,Shirley Blanda
53,Roberto Schaden
54,Ralph Veum
55,Andre Hayes
56,Bert Kshlerin
57,Herbert Wyman
58,Cecil Donnelly
59,Mr. Andrew Nikolaus
60,Winston Adams MD
61,Ginger Ryan
62,Zachary Krajcik
63,Carolyn Volkman
64,Terrence Weissnat
65,Kyle Bednar
66,Paulette Moen
67,Sylvia Schulist
68,Donna Crooks
69,Naomi Hintz
70,Pablo Goodwin
71,Meredith Crooks
72,Perry Carroll
73,Nellie Gleason
74,Jack Gibson
75,Neil Heathcote
76,Claire Bartoletti
77,Miss Terrell Lueilwitz
78,Isaac Kris
79,Isabel Gleason
80,Carolyn Hammes II
81,Sidney Ryan
82,Bernard Pagac
83,Andrew Boehm
84,Pearl Lueilwitz
85,Velma Hansen Sr.
86,Nellie Bogisich
87,Tami Waelchi
88,Tammy Hane
89,Mr. Pam Herman
90,Ervin Durgan
91,Douglas Hand
92,Jonathon Streich
93,Carlos Lowe DVM
94,Domingo Koch
95,Salvatore Hills
96,Lowell Labadie
97,Elias Greenfelder DVM
98,Dr. Troy Emmerich
99,Miss Kerry Ullrich
